Info: constraining clock net '$glbnet$clk' to 12.50 MHz
Info: constraining clock net '$glbnet$sd_clk_in' to 20.00 MHz
Info: constraining clock net '$glbnet$sdram_domain_clk' to 60.00 MHz
Info: constraining clock net '$glbnet$video_pixel_clk' to 27.00 MHz
Info: constraining clock net '$glbnet$video_shift_clk' to 135.01 MHz
Info: constraining clock net '$glbnet$usb_phy_domain_clk' to 48.00 MHz
Info: constraining clock net '$glbnet$clk25_mhz$TRELLIS_IO_IN' to 25.00 MHz
Info: constraining clock net 'clk25_mhz' to 25.00 MHz
Info: constraining clock net 'clk' to 12.50 MHz
Info: constraining clock net 'sd_clk' to 20.00 MHz

Info: Device utilisation:
Info: 	          TRELLIS_IO:      77/    365    21%
Info: 	                DCCA:       7/     56    12%
Info: 	              DP16KD:     101/    208    48%
Info: 	          MULT18X18D:      18/    156    11%
Info: 	              ALU54B:       0/     78     0%
Info: 	             EHXPLLL:       3/      4    75%
Info: 	             EXTREFB:       0/      2     0%
Info: 	                DCUA:       0/      2     0%
Info: 	           PCSCLKDIV:       0/      2     0%
Info: 	             IOLOGIC:       1/    224     0%
Info: 	            SIOLOGIC:       4/    141     2%
Info: 	                 GSR:       1/      1   100%
Info: 	               JTAGG:       0/      1     0%
Info: 	                OSCG:       0/      1     0%
Info: 	               SEDGA:       0/      1     0%
Info: 	                 DTR:       0/      1     0%
Info: 	             USRMCLK:       0/      1     0%
Info: 	             CLKDIVF:       0/      4     0%
Info: 	           ECLKSYNCB:       0/     10     0%
Info: 	             DLLDELD:       0/      8     0%
Info: 	              DDRDLL:       0/      4     0%
Info: 	             DQSBUFM:       0/     14     0%
Info: 	     TRELLIS_ECLKBUF:       0/      8     0%
Info: 	        ECLKBRIDGECS:       0/      2     0%
Info: 	                DCSC:       0/      2     0%
Info: 	          TRELLIS_FF:   25565/  83640    30%
Info: 	        TRELLIS_COMB:   66523/  83640    79%
Info: 	        TRELLIS_RAMW:     150/  10455     1%

Astra ECP5 split-route guard: refreshed LUT-permutation policy for 66523 placed TRELLIS_COMB cells
Info: Routing globals...
Info:     routing clock net $glbnet$video_shift_clk using global 0
Info:     routing clock net $glbnet$video_pixel_clk using global 1
Info:     routing clock net $glbnet$usb_phy_domain_clk using global 2
Info:     routing clock net $glbnet$sdram_domain_clk using global 3
Info:     routing clock net $glbnet$sd_clk_in using global 4
Info:     routing clock net $glbnet$clk25_mhz$TRELLIS_IO_IN using global 5
Info:     routing clock net $glbnet$clk using global 6

Info: Routing..
Info: Setting up routing queue.
Info: Routing 279011 arcs.
Info:            |   (re-)routed arcs  |   delta    | remaining|       time spent     |
Info:    IterCnt |  w/ripup   wo/ripup |  w/r  wo/r |      arcs| batch(sec) total(sec)|
Info:       1000 |      405        594 |  405   594 |    278513|       1.99       1.99|
Info:       2000 |      718       1281 |  313   687 |    277942|       0.32       2.31|
Info:       3000 |      960       2039 |  242   758 |    277315|       0.36       2.67|
Info:       4000 |     1082       2917 |  122   878 |    276590|       0.28       2.95|
Info:       5000 |     1261       3738 |  179   821 |    275914|       0.29       3.24|
Info:       6000 |     1493       4506 |  232   768 |    275434|       0.29       3.53|
Info:       7000 |     1723       5276 |  230   770 |    274941|       0.30       3.82|
Info:       8000 |     1991       6008 |  268   732 |    274390|       0.28       4.11|
Info:       9000 |     2264       6735 |  273   727 |    273926|       0.31       4.41|
Info:      10000 |     2575       7424 |  311   689 |    273397|       0.28       4.70|
Info:      11000 |     2787       8212 |  212   788 |    272878|       0.26       4.95|
Info:      12000 |     2974       9025 |  187   813 |    272225|       0.26       5.21|
Info:      13000 |     3238       9761 |  264   736 |    271681|       0.29       5.50|
Info:      14000 |     3465      10534 |  227   773 |    271158|       0.26       5.76|
Info:      15000 |     3706      11293 |  241   759 |    270726|       0.26       6.02|
Info:      16000 |     3957      12042 |  251   749 |    270120|       0.32       6.34|
Info:      17000 |     4121      12878 |  164   836 |    269851|       0.23       6.56|
Info:      18000 |     4328      13671 |  207   793 |    269189|       0.27       6.83|
Info:      19000 |     4538      14461 |  210   790 |    268656|       0.26       7.09|
Info:      20000 |     4745      15254 |  207   793 |    268318|       0.30       7.38|
Info:      21000 |     4971      16028 |  226   774 |    267927|       0.29       7.68|
Info:      22000 |     5126      16873 |  155   845 |    267739|       0.22       7.90|
Info:      23000 |     5332      17667 |  206   794 |    267309|       0.27       8.17|
Info:      24000 |     5567      18432 |  235   765 |    266827|       0.29       8.46|
Info:      25000 |     5793      19206 |  226   774 |    266308|       0.27       8.73|
Info:      26000 |     5982      20017 |  189   811 |    266404|       0.25       8.98|
Info:      27000 |     6148      20851 |  166   834 |    265840|       0.25       9.23|
Info:      28000 |     6413      21586 |  265   735 |    265439|       0.27       9.49|
Info:      29000 |     6665      22334 |  252   748 |    265162|       0.31       9.81|
Info:      30000 |     6879      23120 |  214   786 |    264807|       0.31      10.11|
Info:      31000 |     7090      23909 |  211   789 |    264265|       0.28      10.40|
Info:      32000 |     7341      24658 |  251   749 |    263779|       0.28      10.68|
Info:      33000 |     7575      25424 |  234   766 |    263281|       0.29      10.96|
Info:      34000 |     7827      26172 |  252   748 |    262772|       0.27      11.23|
Info:      35000 |     8088      26911 |  261   739 |    262481|       0.34      11.57|
Info:      36000 |     8343      27656 |  255   745 |    262008|       0.33      11.90|
Info:      37000 |     8608      28391 |  265   735 |    261740|       0.34      12.24|
Info:      38000 |     8840      29159 |  232   768 |    261311|       0.27      12.51|
Info:      39000 |     9130      29869 |  290   710 |    260931|       0.28      12.79|
Info:      40000 |     9367      30632 |  237   763 |    260627|       0.27      13.07|
Info:      41000 |     9596      31403 |  229   771 |    260166|       0.30      13.37|
Info:      42000 |     9905      32094 |  309   691 |    259809|       0.30      13.67|
Info:      43000 |    10136      32863 |  231   769 |    259356|       0.31      13.98|
Info:      44000 |    10377      33622 |  241   759 |    258903|       0.30      14.28|
Info:      45000 |    10638      34361 |  261   739 |    258550|       0.33      14.61|
Info:      46000 |    10868      35131 |  230   770 |    258403|       0.30      14.91|
Info:      47000 |    11079      35920 |  211   789 |    257876|       0.29      15.21|
Info:      48000 |    11274      36725 |  195   805 |    257507|       0.29      15.50|
Info:      49000 |    11513      37486 |  239   761 |    257109|       0.35      15.84|
Info:      50000 |    11753      38246 |  240   760 |    256543|       0.30      16.14|
Info:      51000 |    12036      38963 |  283   717 |    256577|       0.42      16.56|
Info:      52000 |    12301      39698 |  265   735 |    256155|       0.34      16.90|
Info:      53000 |    12520      40479 |  219   781 |    255603|       0.37      17.27|
Info:      54000 |    12761      41238 |  241   759 |    255111|       0.32      17.59|
Info:      55000 |    13001      41998 |  240   760 |    254606|       0.36      17.95|
Info:      56000 |    13307      42692 |  306   694 |    254273|       0.37      18.33|
Info:      57000 |    13570      43429 |  263   737 |    253909|       0.42      18.75|
Info:      58000 |    13702      44297 |  132   868 |    253871|       0.24      18.99|
Info:      59000 |    13938      45061 |  236   764 |    253600|       0.33      19.31|
Info:      60000 |    14139      45860 |  201   799 |    253042|       0.32      19.64|
Info:      61000 |    14359      46640 |  220   780 |    252702|       0.32      19.95|
Info:      62000 |    14591      47408 |  232   768 |    252231|       0.37      20.32|
Info:      63000 |    14810      48189 |  219   781 |    251714|       0.35      20.68|
Info:      64000 |    15020      48979 |  210   790 |    251292|       0.39      21.06|
Info:      65000 |    15294      49705 |  274   726 |    250835|       0.35      21.41|
Info:      66000 |    15474      50525 |  180   820 |    250367|       0.29      21.70|
Info:      67000 |    15733      51266 |  259   741 |    250010|       0.34      22.05|
Info:      68000 |    16024      51975 |  291   709 |    249692|       0.41      22.46|
Info:      69000 |    16199      52800 |  175   825 |    249025|       0.33      22.79|
Info:      70000 |    16395      53604 |  196   804 |    248898|       0.30      23.09|
Info:      71000 |    16650      54349 |  255   745 |    248654|       0.39      23.48|
Info:      72000 |    16887      55112 |  237   763 |    248510|       0.43      23.90|
Info:      73000 |    17118      55881 |  231   769 |    248012|       0.35      24.25|
Info:      74000 |    17336      56663 |  218   782 |    247646|       0.41      24.66|
Info:      75000 |    17583      57416 |  247   753 |    247225|       0.31      24.97|
Info:      76000 |    17906      58093 |  323   677 |    246892|       0.38      25.35|
Info:      77000 |    18124      58875 |  218   782 |    246466|       0.32      25.68|
Info:      78000 |    18293      59706 |  169   831 |    246445|       0.32      26.00|
Info:      79000 |    18457      60542 |  164   836 |    246095|       0.27      26.27|
Info:      80000 |    18725      61274 |  268   732 |    245940|       0.46      26.73|
Info:      81000 |    18883      62116 |  158   842 |    245798|       0.30      27.03|
Info:      82000 |    19114      62885 |  231   769 |    245371|       0.36      27.39|
Info:      83000 |    19342      63657 |  228   772 |    244974|       0.32      27.71|
Info:      84000 |    19619      64380 |  277   723 |    244721|       0.32      28.03|
Info:      85000 |    19903      65096 |  284   716 |    244319|       0.45      28.48|
Info:      86000 |    20147      65852 |  244   756 |    243774|       0.36      28.83|
Info:      87000 |    20410      66589 |  263   737 |    243368|       0.37      29.21|
Info:      88000 |    20597      67402 |  187   813 |    242767|       0.39      29.59|
Info:      89000 |    20831      68168 |  234   766 |    242239|       0.33      29.93|
Info:      90000 |    21061      68938 |  230   770 |    241628|       0.36      30.28|
Info:      91000 |    21351      69648 |  290   710 |    241223|       0.42      30.70|
Info:      92000 |    21544      70455 |  193   807 |    240608|       0.37      31.07|
Info:      93000 |    21822      71177 |  278   722 |    240319|       0.40      31.47|
Info:      94000 |    22062      71937 |  240   760 |    240030|       0.36      31.83|
Info:      95000 |    22310      72689 |  248   752 |    239494|       0.39      32.22|
Info:      96000 |    22520      73479 |  210   790 |    239013|       0.43      32.65|
Info:      97000 |    22670      74329 |  150   850 |    238681|       0.29      32.94|
Info:      98000 |    22937      75062 |  267   733 |    238250|       0.34      33.28|
Info:      99000 |    23198      75801 |  261   739 |    237850|       0.35      33.63|
Info:     100000 |    23426      76573 |  228   772 |    237476|       0.42      34.04|
Info:     101000 |    23651      77348 |  225   775 |    237319|       0.53      34.57|
Info:     102000 |    23788      78211 |  137   863 |    236600|       0.37      34.94|
Info:     103000 |    23974      79025 |  186   814 |    236029|       0.33      35.27|
Info:     104000 |    24135      79864 |  161   839 |    235350|       0.32      35.59|
Info:     105000 |    24322      80677 |  187   813 |    234675|       0.37      35.95|
Info:     106000 |    24486      81513 |  164   836 |    234493|       0.34      36.30|
Info:     107000 |    24658      82341 |  172   828 |    233921|       0.40      36.69|
Info:     108000 |    24825      83174 |  167   833 |    233489|       0.38      37.07|
Info:     109000 |    25020      83979 |  195   805 |    233001|       0.38      37.45|
Info:     110000 |    25246      84753 |  226   774 |    232501|       0.48      37.93|
Info:     111000 |    25456      85543 |  210   790 |    231861|       0.54      38.47|
Info:     112000 |    25708      86291 |  252   748 |    231511|       0.64      39.10|
Info:     113000 |    25951      87048 |  243   757 |    230988|       0.41      39.51|
Info:     114000 |    26175      87824 |  224   776 |    230527|       0.45      39.96|
Info:     115000 |    26411      88588 |  236   764 |    230014|       0.40      40.36|
Info:     116000 |    26603      89396 |  192   808 |    229588|       0.36      40.73|
Info:     117000 |    26857      90142 |  254   746 |    229344|       0.39      41.12|
Info:     118000 |    27120      90879 |  263   737 |    228985|       0.46      41.59|
Info:     119000 |    27346      91653 |  226   774 |    228440|       0.43      42.02|
Info:     120000 |    27550      92449 |  204   796 |    228050|       0.36      42.37|
Info:     121000 |    27811      93188 |  261   739 |    227927|       0.54      42.91|
Info:     122000 |    28003      93996 |  192   808 |    227283|       0.36      43.27|
Info:     123000 |    28217      94782 |  214   786 |    226744|       0.36      43.63|
Info:     124000 |    28427      95572 |  210   790 |    226128|       0.40      44.03|
Info:     125000 |    28647      96352 |  220   780 |    225499|       0.44      44.47|
Info:     126000 |    28850      97149 |  203   797 |    224891|       0.41      44.88|
Info:     127000 |    29046      97953 |  196   804 |    224435|       0.38      45.26|
Info:     128000 |    29263      98736 |  217   783 |    224079|       0.45      45.72|
Info:     129000 |    29455      99544 |  192   808 |    223471|       0.42      46.13|
Info:     130000 |    29701     100298 |  246   754 |    222882|       0.41      46.54|
Info:     131000 |    29979     101020 |  278   722 |    222485|       0.61      47.15|
Info:     132000 |    30166     101833 |  187   813 |    221959|       0.41      47.56|
Info:     133000 |    30405     102594 |  239   761 |    221499|       0.38      47.94|
Info:     134000 |    30639     103360 |  234   766 |    221109|       0.42      48.36|
Info:     135000 |    30876     104123 |  237   763 |    220926|       0.51      48.87|
Info:     136000 |    31134     104865 |  258   742 |    220505|       0.44      49.31|
Info:     137000 |    31380     105619 |  246   754 |    219958|       0.38      49.68|
Info:     138000 |    31662     106337 |  282   718 |    219571|       0.39      50.07|
Info:     139000 |    31895     107104 |  233   767 |    219174|       0.45      50.53|
Info:     140000 |    32089     107910 |  194   806 |    218621|       0.41      50.94|
Info:     141000 |    32361     108638 |  272   728 |    218394|       0.65      51.59|
Info:     142000 |    32659     109340 |  298   702 |    218003|       0.47      52.06|
Info:     143000 |    32903     110096 |  244   756 |    217482|       0.47      52.53|
Info:     144000 |    33134     110865 |  231   769 |    217184|       0.45      52.98|
Info:     145000 |    33379     111620 |  245   755 |    216721|       0.42      53.41|
Info:     146000 |    33616     112383 |  237   763 |    216264|       0.42      53.82|
Info:     147000 |    33827     113172 |  211   789 |    215691|       0.44      54.26|
Info:     148000 |    34050     113949 |  223   777 |    215181|       0.48      54.74|
Info:     149000 |    34281     114718 |  231   769 |    214637|       0.44      55.18|
Info:     150000 |    34520     115479 |  239   761 |    214304|       0.60      55.78|
Info:     151000 |    34768     116231 |  248   752 |    213784|       0.53      56.31|
Info:     152000 |    34955     117044 |  187   813 |    213107|       0.38      56.69|
Info:     153000 |    35181     117818 |  226   774 |    212725|       0.45      57.14|
Info:     154000 |    35432     118567 |  251   749 |    212944|       0.42      57.56|
Info:     155000 |    35644     119355 |  212   788 |    212792|       0.45      58.01|
Info:     156000 |    35798     120201 |  154   846 |    212416|       0.40      58.41|
Info:     157000 |    36010     120989 |  212   788 |    211828|       0.40      58.81|
Info:     158000 |    36222     121777 |  212   788 |    211385|       0.56      59.37|
Info:     159000 |    36497     122502 |  275   725 |    210958|       0.49      59.86|
Info:     160000 |    36729     123270 |  232   768 |    210493|       0.46      60.32|
Info:     161000 |    36954     124045 |  225   775 |    210034|       0.39      60.71|
Info:     162000 |    37151     124848 |  197   803 |    209389|       0.49      61.21|
Info:     163000 |    37376     125623 |  225   775 |    209027|       0.43      61.64|
Info:     164000 |    37605     126394 |  229   771 |    208524|       0.47      62.10|
Info:     165000 |    37851     127148 |  246   754 |    208058|       0.40      62.50|
Info:     166000 |    38105     127894 |  254   746 |    207715|       0.49      62.99|
Info:     167000 |    38439     128560 |  334   666 |    207300|       0.46      63.45|
Info:     168000 |    38704     129295 |  265   735 |    206858|       0.48      63.93|
Info:     169000 |    38974     130025 |  270   730 |    206439|       0.39      64.31|
Info:     170000 |    39263     130736 |  289   711 |    205862|       0.43      64.74|
Info:     171000 |    39468     131531 |  205   795 |    205224|       0.42      65.16|
Info:     172000 |    39746     132253 |  278   722 |    205102|       0.45      65.61|
Info:     173000 |    39983     133016 |  237   763 |    204631|       0.47      66.08|
Info:     174000 |    40247     133752 |  264   736 |    204301|       0.70      66.78|
Info:     175000 |    40496     134503 |  249   751 |    203743|       0.53      67.30|
Info:     176000 |    40788     135211 |  292   708 |    203271|       0.41      67.72|
Info:     177000 |    41052     135947 |  264   736 |    202844|       0.42      68.14|
Info:     178000 |    41327     136672 |  275   725 |    202281|       0.44      68.58|
Info:     179000 |    41586     137413 |  259   741 |    201711|       0.41      68.99|
Info:     180000 |    41850     138149 |  264   736 |    201142|       0.44      69.43|
Info:     181000 |    42092     138907 |  242   758 |    200544|       0.56      69.99|
Info:     182000 |    42297     139702 |  205   795 |    199936|       0.45      70.44|
Info:     183000 |    42547     140452 |  250   750 |    199486|       0.44      70.88|
Info:     184000 |    42791     141208 |  244   756 |    199004|       0.63      71.51|
Info:     185000 |    43006     141993 |  215   785 |    198700|       0.50      72.01|
Info:     186000 |    43261     142738 |  255   745 |    198261|       0.51      72.52|
Info:     187000 |    43558     143441 |  297   703 |    197914|       0.56      73.08|
Info:     188000 |    43862     144137 |  304   696 |    197783|       0.49      73.57|
Info:     189000 |    44099     144900 |  237   763 |    197196|       0.43      74.01|
Info:     190000 |    44382     145617 |  283   717 |    196665|       0.78      74.79|
Info:     191000 |    44639     146360 |  257   743 |    196213|       0.47      75.27|
Info:     192000 |    44889     147110 |  250   750 |    195823|       0.54      75.81|
Info:     193000 |    45154     147845 |  265   735 |    195336|       0.62      76.42|
Info:     194000 |    45422     148577 |  268   732 |    194760|       0.47      76.90|
Info:     195000 |    45642     149357 |  220   780 |    194163|       0.51      77.41|
Info:     196000 |    45899     150100 |  257   743 |    193567|       0.66      78.07|
Info:     197000 |    46169     150830 |  270   730 |    193145|       0.67      78.74|
Info:     198000 |    46433     151566 |  264   736 |    192605|       0.66      79.40|
Info:     199000 |    46639     152360 |  206   794 |    191942|       0.44      79.84|
Info:     200000 |    46925     153074 |  286   714 |    191494|       0.46      80.30|
Info:     201000 |    47196     153803 |  271   729 |    191043|       0.52      80.82|
Info:     202000 |    47489     154510 |  293   707 |    190575|       0.50      81.32|
Info:     203000 |    47710     155289 |  221   779 |    190111|       0.67      81.99|
Info:     204000 |    47981     156018 |  271   729 |    189669|       0.54      82.54|
Info:     205000 |    48284     156715 |  303   697 |    189239|       0.51      83.05|
Info:     206000 |    48607     157392 |  323   677 |    188735|       0.50      83.55|
Info:     207000 |    48892     158107 |  285   715 |    188226|       0.52      84.07|
Info:     208000 |    49126     158873 |  234   766 |    187689|       0.53      84.59|
Info:     209000 |    49398     159601 |  272   728 |    187280|       0.63      85.22|
Info:     210000 |    49727     160272 |  329   671 |    186915|       0.50      85.72|
Info:     211000 |    50072     160927 |  345   655 |    186646|       0.53      86.25|
Info:     212000 |    50339     161660 |  267   733 |    186402|       0.53      86.78|
Info:     213000 |    50612     162387 |  273   727 |    186416|       0.71      87.49|
Info:     214000 |    50849     163150 |  237   763 |    185975|       0.63      88.12|
Info:     215000 |    51181     163818 |  332   668 |    185480|       0.42      88.54|
Info:     216000 |    51399     164600 |  218   782 |    185490|       0.46      89.00|
Info:     217000 |    51644     165355 |  245   755 |    185165|       0.46      89.46|
Info:     218000 |    51966     166033 |  322   678 |    184917|       0.47      89.93|
Info:     219000 |    52312     166687 |  346   654 |    184603|       0.51      90.44|
Info:     220000 |    52616     167383 |  304   696 |    184162|       0.44      90.88|
Info:     221000 |    52927     168072 |  311   689 |    183675|       0.54      91.41|
Info:     222000 |    53191     168808 |  264   736 |    183174|       0.45      91.86|
Info:     223000 |    53492     169507 |  301   699 |    182764|       0.68      92.54|
Info:     224000 |    53804     170195 |  312   688 |    182466|       0.71      93.25|
Info:     225000 |    54133     170866 |  329   671 |    182094|       0.53      93.78|
Info:     226000 |    54377     171622 |  244   756 |    181859|       0.59      94.37|
Info:     227000 |    54673     172326 |  296   704 |    181750|       0.46      94.83|
Info:     228000 |    54898     173101 |  225   775 |    181236|       0.54      95.37|
Info:     229000 |    55205     173794 |  307   693 |    180765|       0.65      96.02|
Info:     230000 |    55414     174585 |  209   791 |    180650|       0.52      96.54|
Info:     231000 |    55720     175279 |  306   694 |    180269|       0.64      97.18|
Info:     232000 |    55994     176005 |  274   726 |    180086|       0.61      97.78|
Info:     233000 |    56233     176766 |  239   761 |    179612|       0.58      98.37|
Info:     234000 |    56567     177432 |  334   666 |    179169|       0.50      98.87|
Info:     235000 |    56819     178180 |  252   748 |    178765|       0.60      99.47|
Info:     236000 |    57098     178901 |  279   721 |    178335|       0.48      99.95|
Info:     237000 |    57416     179583 |  318   682 |    177886|       0.50     100.45|
Info:     238000 |    57732     180267 |  316   684 |    177435|       0.45     100.89|
Info:     239000 |    57959     181040 |  227   773 |    176996|       0.47     101.37|
Info:     240000 |    58261     181738 |  302   698 |    176796|       0.63     101.99|
Info:     241000 |    58492     182507 |  231   769 |    176260|       0.54     102.53|
Info:     242000 |    58805     183194 |  313   687 |    175887|       0.54     103.07|
Info:     243000 |    59063     183936 |  258   742 |    175354|       0.58     103.65|
Info:     244000 |    59234     184765 |  171   829 |    174804|       0.46     104.11|
Info:     245000 |    59504     185495 |  270   730 |    174291|       0.56     104.67|
Info:     246000 |    59716     186283 |  212   788 |    174801|       0.82     105.49|
Info:     247000 |    59862     187137 |  146   854 |    174276|       0.60     106.08|
Info:     248000 |    60191     187808 |  329   671 |    173881|       0.63     106.72|
Info:     249000 |    60471     188528 |  280   720 |    173586|       0.53     107.24|
Info:     250000 |    60741     189258 |  270   730 |    173421|       0.57     107.81|
Info:     251000 |    61036     189963 |  295   705 |    173046|       0.53     108.34|
Info:     252000 |    61291     190708 |  255   745 |    172865|       0.52     108.86|
Info:     253000 |    61582     191417 |  291   709 |    172497|       0.55     109.41|
Info:     254000 |    61842     192157 |  260   740 |    171947|       0.49     109.90|
Info:     255000 |    62128     192871 |  286   714 |    171564|       0.61     110.51|
Info:     256000 |    62386     193613 |  258   742 |    171092|       0.50     111.01|
Info:     257000 |    62675     194324 |  289   711 |    170730|       0.51     111.52|
Info:     258000 |    62933     195066 |  258   742 |    170272|       0.51     112.03|
Info:     259000 |    63184     195815 |  251   749 |    169731|       0.69     112.72|
Info:     260000 |    63438     196561 |  254   746 |    169226|       0.48     113.20|
Info:     261000 |    63692     197307 |  254   746 |    168934|       0.59     113.79|
Info:     262000 |    64044     197955 |  352   648 |    168610|       0.74     114.53|
Info:     263000 |    64333     198666 |  289   711 |    168067|       0.55     115.07|
Info:     264000 |    64597     199402 |  264   736 |    167730|       0.61     115.69|
Info:     265000 |    64854     200145 |  257   743 |    167275|       0.58     116.26|
Info:     266000 |    65101     200898 |  247   753 |    166688|       0.53     116.79|
Info:     267000 |    65349     201650 |  248   752 |    166149|       0.64     117.43|
Info:     268000 |    65690     202309 |  341   659 |    165962|       0.88     118.31|
Info:     269000 |    65947     203052 |  257   743 |    165466|       0.62     118.92|
Info:     270000 |    66192     203807 |  245   755 |    165282|       0.52     119.45|
Info:     271000 |    66429     204570 |  237   763 |    164825|       0.80     120.25|
Info:     272000 |    66705     205294 |  276   724 |    164397|       0.81     121.06|
Info:     273000 |    67020     205979 |  315   685 |    164022|       0.74     121.80|
Info:     274000 |    67308     206688 |  288   709 |    163603|       0.56     122.37|
Info:     275000 |    67646     207335 |  338   647 |    163457|       0.77     123.14|
Info:     276000 |    67934     208047 |  288   712 |    163390|       1.03     124.17|
Info:     277000 |    68229     208743 |  295   696 |    163138|       0.79     124.96|
Info:     278000 |    68482     209488 |  253   745 |    162684|       0.55     125.51|
Info:     279000 |    68810     210158 |  328   670 |    162310|       0.53     126.04|
Info:     280000 |    69128     210839 |  318   681 |    162050|       0.53     126.57|
Info:     281000 |    69438     211529 |  310   690 |    161894|       0.63     127.20|
Info:     282000 |    69766     212199 |  328   670 |    161702|       0.71     127.91|
Info:     283000 |    70081     212883 |  315   684 |    161336|       0.63     128.53|
Info:     284000 |    70370     213585 |  289   702 |    160917|       0.57     129.10|
Info:     285000 |    70712     214241 |  342   656 |    160748|       0.65     129.75|
Info:     286000 |    71032     214917 |  320   676 |    160606|       0.55     130.30|
Info:     287000 |    71331     215617 |  299   700 |    160282|       0.80     131.10|
Info:     288000 |    71626     216319 |  295   702 |    159836|       0.56     131.66|
Info:     289000 |    71985     216956 |  359   637 |    159544|       0.89     132.54|
Info:     290000 |    72318     217613 |  333   657 |    159294|       0.55     133.09|
Info:     291000 |    72672     218256 |  354   643 |    159022|       0.53     133.62|
Info:     292000 |    72991     218934 |  319   678 |    159002|       0.60     134.22|
Info:     293000 |    73261     219664 |  270   730 |    158553|       0.87     135.09|
Info:     294000 |    73658     220265 |  397   601 |    158103|       0.50     135.59|
Info:     295000 |    74041     220882 |  383   617 |    157775|       0.54     136.13|
Info:     296000 |    74456     221465 |  415   583 |    157430|       0.52     136.64|
Info:     297000 |    74881     222023 |  425   558 |    157038|       0.49     137.13|
Info:     298000 |    75231     222670 |  350   647 |    156548|       0.48     137.61|
Info:     299000 |    75472     223429 |  241   759 |    156459|       0.74     138.35|
Info:     300000 |    75902     223995 |  430   566 |    156056|       0.50     138.85|
Info:     301000 |    76198     224696 |  296   701 |    155891|       0.59     139.44|
Info:     302000 |    76560     225331 |  362   635 |    155486|       0.54     139.98|
Info:     303000 |    76900     225987 |  340   656 |    155065|       0.54     140.52|
Info:     304000 |    77248     226638 |  348   651 |    154922|       0.62     141.14|
Info:     305000 |    77481     227403 |  233   765 |    154815|       0.57     141.71|
Info:     306000 |    77759     228124 |  278   721 |    154326|       0.54     142.25|
Info:     307000 |    78061     228820 |  302   696 |    154023|       0.59     142.84|
Info:     308000 |    78427     229450 |  366   630 |    153529|       0.55     143.40|
Info:     309000 |    78715     230154 |  288   704 |    153187|       0.88     144.27|
Info:     310000 |    79076     230791 |  361   637 |    152794|       0.52     144.80|
Info:     311000 |    79433     231432 |  357   641 |    152458|       0.61     145.41|
Info:     312000 |    79725     232139 |  292   707 |    152037|       0.53     145.94|
Info:     313000 |    80064     232799 |  339   660 |    151705|       0.54     146.48|
Info:     314000 |    80417     233439 |  353   640 |    151373|       0.60     147.08|
Info:     315000 |    80799     234057 |  382   618 |    151092|       0.58     147.67|
Info:     316000 |    81076     234779 |  277   722 |    150649|       0.54     148.21|
Info:     317000 |    81387     235467 |  311   688 |    150301|       0.70     148.91|
Info:     318000 |    81689     236164 |  302   697 |    150251|       0.76     149.67|
Info:     319000 |    81972     236881 |  283   717 |    150053|       0.59     150.26|
Info:     320000 |    82317     237534 |  345   653 |    149600|       0.61     150.86|
Info:     321000 |    82643     238202 |  326   668 |    149118|       0.57     151.43|
Info:     322000 |    82955     238886 |  312   684 |    148640|       0.71     152.14|
Info:     323000 |    83240     239597 |  285   711 |    148266|       0.66     152.79|
Info:     324000 |    83557     240271 |  317   674 |    147878|       0.51     153.30|
Info:     325000 |    83902     240923 |  345   652 |    147566|       0.75     154.05|
Info:     326000 |    84275     241544 |  373   621 |    147216|       0.71     154.76|
Info:     327000 |    84737     242082 |  462   538 |    147730|       1.09     155.85|
Info:     328000 |    85062     242757 |  325   675 |    147470|       1.16     157.01|
Info:     329000 |    85393     243426 |  331   669 |    147649|       1.00     158.01|
Info:     330000 |    85653     244166 |  260   740 |    147891|       0.93     158.94|
Info:     331000 |    85972     244847 |  319   681 |    147877|       0.91     159.85|
Info:     332000 |    86246     245573 |  274   726 |    147661|       1.13     160.98|
Info:     333000 |    86574     246245 |  328   672 |    147335|       1.10     162.08|
Info:     334000 |    86921     246895 |  347   650 |    147030|       0.82     162.90|
Info:     335000 |    87300     247506 |  379   611 |    146585|       0.65     163.55|
Info:     336000 |    87605     248198 |  305   692 |    146268|       0.79     164.33|
Info:     337000 |    87897     248905 |  292   707 |    146117|       0.73     165.07|
Info:     338000 |    88219     249581 |  322   676 |    146272|       0.81     165.88|
Info:     339000 |    88500     250300 |  281   719 |    146101|       0.94     166.82|
Info:     340000 |    88840     250956 |  340   656 |    145958|       0.70     167.52|
Info:     341000 |    89192     251603 |  352   647 |    145737|       1.09     168.61|
Info:     342000 |    89552     252236 |  360   633 |    145787|       0.86     169.47|
Info:     343000 |    89894     252894 |  342   658 |    145776|       1.20     170.67|
Info:     344000 |    90201     253587 |  307   693 |    145552|       0.90     171.56|
Info:     345000 |    90521     254256 |  320   669 |    145150|       0.67     172.23|
Info:     346000 |    90867     254895 |  346   639 |    144654|       0.56     172.79|
Info:     347000 |    91223     255530 |  356   635 |    144210|       0.58     173.38|
Info:     348000 |    91545     256180 |  322   650 |    143694|       0.61     173.99|
Info:     349000 |    91903     256804 |  358   624 |    143257|       0.67     174.66|
Info:     350000 |    92233     257465 |  330   661 |    142824|       0.68     175.34|
Info:     351000 |    92580     258117 |  347   652 |    142621|       0.75     176.09|
Info:     352000 |    92911     258777 |  331   660 |    142129|       0.63     176.72|
Info:     353000 |    93198     259484 |  287   707 |    141769|       0.66     177.38|
Info:     354000 |    93514     260166 |  316   682 |    141717|       0.75     178.13|
Info:     355000 |    93859     260816 |  345   650 |    141528|       0.68     178.80|
Info:     356000 |    94163     261503 |  304   687 |    141141|       0.75     179.55|
Info:     357000 |    94531     262128 |  368   625 |    140808|       0.66     180.21|
Info:     358000 |    94895     262744 |  364   616 |    140389|       0.59     180.80|
Info:     359000 |    95198     263431 |  303   687 |    139959|       0.69     181.48|
Info:     360000 |    95512     264115 |  314   684 |    140055|       0.79     182.28|
Info:     361000 |    95769     264858 |  257   743 |    139904|       0.65     182.93|
Info:     362000 |    96105     265511 |  336   653 |    139519|       0.78     183.71|
Info:     363000 |    96409     266192 |  304   681 |    139164|       0.63     184.34|
Info:     364000 |    96758     266835 |  349   643 |    139108|       1.03     185.37|
Info:     365000 |    97071     267515 |  313   680 |    138657|       0.67     186.05|
Info:     366000 |    97392     268186 |  321   671 |    138232|       0.58     186.62|
Info:     367000 |    97751     268799 |  359   613 |    137813|       0.68     187.30|
Info:     368000 |    98093     269453 |  342   654 |    137652|       1.30     188.60|
Info:     369000 |    98469     270039 |  376   586 |    137191|       0.62     189.22|
Info:     370000 |    98809     270675 |  340   636 |    136857|       0.82     190.04|
Info:     371000 |    99206     271241 |  397   566 |    136771|       1.09     191.13|
Info:     372000 |    99518     271909 |  312   668 |    136224|       0.60     191.72|
Info:     373000 |    99869     272534 |  351   625 |    135802|       0.85     192.57|
Info:     374000 |   100159     273242 |  290   708 |    135611|       0.79     193.37|
Info:     375000 |   100451     273941 |  292   699 |    135132|       0.67     194.04|
Info:     376000 |   100805     274578 |  354   637 |    134995|       0.67     194.71|
Info:     377000 |   101136     275244 |  331   666 |    134786|       0.86     195.57|
Info:     378000 |   101489     275882 |  353   638 |    134475|       0.67     196.24|
Info:     379000 |   101861     276505 |  372   623 |    134307|       0.84     197.08|
Info:     380000 |   102215     277133 |  354   628 |    133779|       0.56     197.64|
Info:     381000 |   102556     277773 |  341   640 |    133358|       0.73     198.37|
Info:     382000 |   102881     278441 |  325   668 |    133188|       0.77     199.14|
Info:     383000 |   103163     279154 |  282   713 |    133101|       0.58     199.72|
Info:     384000 |   103463     279842 |  300   688 |    132699|       0.69     200.41|
Info:     385000 |   103850     280423 |  387   581 |    132272|       0.70     201.11|
Info:     386000 |   104133     281128 |  283   705 |    131903|       0.66     201.77|
Info:     387000 |   104486     281774 |  353   646 |    131883|       0.86     202.63|
Info:     388000 |   104799     282443 |  313   669 |    131678|       0.77     203.40|
Info:     389000 |   105138     283104 |  339   661 |    131697|       1.20     204.60|
Info:     390000 |   105495     283747 |  357   643 |    131641|       0.99     205.59|
Info:     391000 |   105848     284384 |  353   637 |    131478|       0.92     206.51|
Info:     392000 |   106126     285079 |  278   695 |    131353|       0.64     207.14|
Info:     393000 |   106490     285690 |  364   611 |    130872|       0.78     207.92|
Info:     394000 |   106820     286336 |  330   646 |    130577|       0.79     208.70|
Info:     395000 |   107205     286930 |  385   594 |    130199|       0.67     209.37|
Info:     396000 |   107523     287600 |  318   670 |    130040|       0.69     210.06|
Info:     397000 |   107828     288279 |  305   679 |    129673|       0.70     210.76|
Info:     398000 |   108150     288956 |  322   677 |    129757|       1.35     212.11|
Info:     399000 |   108453     289622 |  303   666 |    129258|       0.63     212.74|
Info:     400000 |   108772     290297 |  319   675 |    129170|       1.01     213.76|
Info:     401000 |   109036     291019 |  264   722 |    128874|       0.89     214.65|
Info:     402000 |   109371     291658 |  335   639 |    128337|       0.60     215.25|
Info:     403000 |   109693     292300 |  322   642 |    127836|       0.60     215.85|
Info:     404000 |   110035     292944 |  342   644 |    127473|       0.75     216.60|
Info:     405000 |   110421     293537 |  386   593 |    127115|       1.01     217.61|
Info:     406000 |   110729     294215 |  308   678 |    126851|       0.59     218.21|
Info:     407000 |   111041     294875 |  312   660 |    126446|       0.60     218.81|
Info:     408000 |   111428     295469 |  387   594 |    126202|       1.17     219.98|
Info:     409000 |   111780     296106 |  352   637 |    126050|       0.75     220.73|
Info:     410000 |   112134     296743 |  354   637 |    125808|       0.72     221.45|
Info:     411000 |   112500     297353 |  366   610 |    125503|       0.69     222.14|
Info:     412000 |   112832     298003 |  332   650 |    125097|       0.62     222.76|
Info:     413000 |   113205     298618 |  373   615 |    124817|       0.97     223.73|
Info:     414000 |   113579     299237 |  374   619 |    124651|       0.86     224.58|
Info:     415000 |   113867     299918 |  288   681 |    124164|       0.57     225.15|
Info:     416000 |   114190     300565 |  323   647 |    123929|       0.79     225.94|
Info:     417000 |   114587     301143 |  397   578 |    123525|       0.73     226.67|
Info:     418000 |   114953     301765 |  366   622 |    123455|       0.78     227.45|
Info:     419000 |   115280     302430 |  327   665 |    123311|       0.86     228.31|
Info:     420000 |   115593     303080 |  313   650 |    122877|       0.60     228.92|
Info:     421000 |   116019     303612 |  426   532 |    122555|       0.92     229.83|
Info:     422000 |   116388     304207 |  369   595 |    122150|       0.74     230.57|
Info:     423000 |   116735     304845 |  347   638 |    121790|       0.96     231.53|
Info:     424000 |   117042     305519 |  307   674 |    121633|       0.73     232.27|
Info:     425000 |   117402     306131 |  360   612 |    121285|       0.69     232.96|
Info:     426000 |   117769     306750 |  367   619 |    120985|       0.80     233.76|
Info:     427000 |   118112     307369 |  343   619 |    120724|       0.59     234.35|
Info:     428000 |   118445     308027 |  333   658 |    120396|       0.77     235.12|
Info:     429000 |   118787     308681 |  342   654 |    120384|       0.91     236.02|
Info:     430000 |   119093     309364 |  306   683 |    120021|       0.71     236.73|
Info:     431000 |   119415     309994 |  322   630 |    119489|       0.65     237.37|
Info:     432000 |   119650     310743 |  235   749 |    119252|       0.68     238.06|
Info:     433000 |   119964     311397 |  314   654 |    118767|       0.79     238.84|
Info:     434000 |   120316     312019 |  352   622 |    118658|       0.87     239.71|
Info:     435000 |   120687     312607 |  371   588 |    118441|       0.87     240.58|
Info:     436000 |   121013     313271 |  326   664 |    118096|       0.76     241.34|
Info:     437000 |   121358     313908 |  345   637 |    117775|       0.72     242.06|
Info:     438000 |   121699     314561 |  341   653 |    117658|       0.90     242.96|
Info:     439000 |   122036     315215 |  337   654 |    117646|       0.94     243.90|
Info:     440000 |   122389     315838 |  353   623 |    117216|       0.77     244.66|
Info:     441000 |   122729     316467 |  340   629 |    116680|       0.61     245.27|
Info:     442000 |   123103     317064 |  374   597 |    116283|       0.78     246.05|
Info:     443000 |   123384     317705 |  281   641 |    115833|       0.64     246.69|
Info:     444000 |   123658     318420 |  274   715 |    115669|       0.79     247.48|
Info:     445000 |   123962     319100 |  304   680 |    115320|       0.75     248.23|
Info:     446000 |   124304     319731 |  342   631 |    114955|       0.64     248.87|
Info:     447000 |   124638     320396 |  334   665 |    114934|       0.77     249.64|
Info:     448000 |   124888     321119 |  250   723 |    114541|       0.65     250.29|
Info:     449000 |   125201     321778 |  313   659 |    113961|       0.61     250.90|
Info:     450000 |   125513     322428 |  312   650 |    113527|       0.64     251.54|
Info:     451000 |   125811     323125 |  298   697 |    113479|       0.86     252.40|
Info:     452000 |   126207     323729 |  396   604 |    113500|       0.94     253.34|
Info:     453000 |   126625     324311 |  418   582 |    113346|       1.80     255.14|
Info:     454000 |   126919     324989 |  294   678 |    112819|       0.70     255.84|
Info:     455000 |   127272     325616 |  353   627 |    112446|       0.79     256.63|
Info:     456000 |   127610     326273 |  338   657 |    112494|       0.82     257.45|
Info:     457000 |   127935     326938 |  325   665 |    112410|       1.03     258.48|
Info:     458000 |   128286     327587 |  351   649 |    112219|       1.12     259.60|
Info:     459000 |   128677     328184 |  391   597 |    111994|       1.07     260.66|
Info:     460000 |   128996     328833 |  319   649 |    111496|       0.70     261.37|
Info:     461000 |   129263     329527 |  267   694 |    110898|       0.64     262.01|
Info:     462000 |   129535     330228 |  272   701 |    110482|       0.62     262.63|
Info:     463000 |   129953     330810 |  418   582 |    110480|       0.97     263.59|
Info:     464000 |   130302     331461 |  349   651 |    110900|       0.86     264.46|
Info:     465000 |   130587     332176 |  285   715 |    110669|       1.05     265.51|
Info:     466000 |   130965     332798 |  378   622 |    110581|       1.13     266.63|
Info:     467000 |   131297     333466 |  332   668 |    110525|       1.09     267.72|
Info:     468000 |   131613     334141 |  316   675 |    110180|       1.06     268.78|
Info:     469000 |   131896     334831 |  283   690 |    109579|       0.62     269.40|
Info:     470000 |   132152     335542 |  256   711 |    108960|       0.67     270.07|
Info:     471000 |   132513     336150 |  361   608 |    108585|       0.77     270.84|
Info:     472000 |   132854     336801 |  341   651 |    108466|       0.75     271.59|
Info:     473000 |   133211     337425 |  357   624 |    108090|       0.97     272.56|
Info:     474000 |   133561     338053 |  350   628 |    107585|       0.62     273.18|
Info:     475000 |   133817     338777 |  256   724 |    108457|       0.96     274.14|
Info:     476000 |   133961     339633 |  144   856 |    107634|       0.89     275.04|
Info:     477000 |   134236     340344 |  275   711 |    107122|       0.82     275.86|
Info:     478000 |   134513     341043 |  277   699 |    106946|       0.68     276.54|
Info:     479000 |   134811     341743 |  298   700 |    107250|       1.02     277.55|
Info:     480000 |   135136     342418 |  325   675 |    107123|       1.07     278.62|
Info:     481000 |   135447     343107 |  311   689 |    106767|       1.00     279.62|
Info:     482000 |   135773     343778 |  326   671 |    106670|       1.18     280.79|
Info:     483000 |   136068     344437 |  295   659 |    106291|       0.77     281.56|
Info:     484000 |   136414     345079 |  346   642 |    105999|       0.81     282.38|
Info:     485000 |   136725     345728 |  311   649 |    105590|       0.77     283.15|
Info:     486000 |   137083     346361 |  358   633 |    105449|       0.86     284.01|
Info:     487000 |   137492     346952 |  409   591 |    105546|       0.94     284.95|
Info:     488000 |   137800     347617 |  308   665 |    105109|       0.66     285.61|
Info:     489000 |   138149     348254 |  349   637 |    104806|       0.70     286.31|
Info:     490000 |   138481     348893 |  332   639 |    104497|       0.78     287.09|
Info:     491000 |   138801     349558 |  320   665 |    104276|       0.93     288.02|
Info:     492000 |   139185     350169 |  384   611 |    104116|       0.85     288.87|
Info:     493000 |   139572     350772 |  387   603 |    104222|       1.11     289.98|
Info:     494000 |   139886     351458 |  314   686 |    104042|       1.38     291.36|
Info:     495000 |   140189     352119 |  303   661 |    103627|       0.78     292.14|
Info:     496000 |   140509     352787 |  320   668 |    103494|       0.77     292.91|
Info:     497000 |   140798     353461 |  289   674 |    102924|       0.61     293.52|
Info:     498000 |   141160     354073 |  362   612 |    102873|       1.13     294.65|
Info:     499000 |   141449     354764 |  289   691 |    102559|       0.87     295.52|
Info:     500000 |   141736     355433 |  287   669 |    102060|       0.82     296.34|
Info:     501000 |   142018     356127 |  282   694 |    101772|       0.98     297.32|
Info:     502000 |   142317     356807 |  299   680 |    101456|       0.76     298.08|
Info:     503000 |   142592     357507 |  275   700 |    100959|       0.82     298.91|
Info:     504000 |   142934     358147 |  342   640 |    100597|       0.79     299.70|
Info:     505000 |   143266     358808 |  332   661 |    100293|       0.78     300.48|
Info:     506000 |   143597     359463 |  331   655 |    100022|       0.80     301.29|
Info:     507000 |   143921     360106 |  324   643 |     99532|       0.74     302.02|
Info:     508000 |   144277     360740 |  356   634 |     99334|       1.14     303.17|
Info:     509000 |   144640     361357 |  363   617 |     99086|       1.03     304.19|
Info:     510000 |   144974     362013 |  334   656 |     99034|       0.82     305.01|
Info:     511000 |   145251     362736 |  277   723 |     98784|       1.01     306.03|
Info:     512000 |   145626     363361 |  375   625 |     98752|       1.32     307.35|
Info:     513000 |   145972     363997 |  346   636 |     98331|       1.70     309.05|
Info:     514000 |   146331     364619 |  359   622 |     98116|       0.95     310.00|
Info:     515000 |   146651     365294 |  320   675 |     97993|       1.02     311.02|
Info:     516000 |   147029     365916 |  378   622 |     98006|       1.43     312.45|
Info:     517000 |   147425     366509 |  396   593 |     97703|       0.86     313.30|
Info:     518000 |   147788     367107 |  363   598 |     97370|       0.99     314.30|
Info:     519000 |   148136     367752 |  348   645 |     97273|       1.26     315.56|
Info:     520000 |   148498     368373 |  362   621 |     97070|       1.06     316.62|
Info:     521000 |   148821     369035 |  323   662 |     96554|       0.76     317.38|
Info:     522000 |   149178     369661 |  357   626 |     96223|       0.84     318.22|
Info:     523000 |   149523     370304 |  345   643 |     95983|       0.91     319.13|
Info:     524000 |   149824     370955 |  301   651 |     95427|       0.64     319.77|
Info:     525000 |   150123     371641 |  299   686 |     95132|       0.77     320.54|
Info:     526000 |   150523     372223 |  400   582 |     94983|       1.47     322.00|
Info:     527000 |   150892     372834 |  369   611 |     94726|       1.19     323.19|
Info:     528000 |   151223     373479 |  331   645 |     94240|       0.71     323.90|
Info:     529000 |   151592     374104 |  369   625 |     93957|       0.88     324.78|
Info:     530000 |   151897     374756 |  305   652 |     93445|       0.71     325.50|
Info:     531000 |   152281     375357 |  384   601 |     93114|       0.98     326.47|
Info:     532000 |   152603     375982 |  322   625 |     92746|       1.16     327.63|
Info:     533000 |   152955     376621 |  352   639 |     92525|       1.18     328.81|
Info:     534000 |   153290     377245 |  335   624 |     92050|       0.99     329.80|
Info:     535000 |   153592     377943 |  302   698 |     92188|       0.95     330.75|
Info:     536000 |   153953     378582 |  361   639 |     92113|       1.04     331.79|
Info:     537000 |   154321     379178 |  368   596 |     91870|       0.88     332.67|
Info:     538000 |   154658     379829 |  337   651 |     91719|       0.90     333.57|
Info:     539000 |   155005     380467 |  347   638 |     91419|       1.78     335.35|
Info:     540000 |   155350     381098 |  345   631 |     91174|       0.95     336.30|
Info:     541000 |   155677     381730 |  327   632 |     90691|       0.82     337.13|
Info:     542000 |   156057     382301 |  380   571 |     90477|       0.91     338.03|
Info:     543000 |   156410     382944 |  353   643 |     90299|       0.91     338.94|
Info:     544000 |   156844     383510 |  434   566 |     90313|       1.13     340.07|
Info:     545000 |   157268     384072 |  424   562 |     90124|       1.21     341.28|
Info:     546000 |   157653     384683 |  385   611 |     89974|       0.99     342.27|
Info:     547000 |   158120     385174 |  467   491 |     89734|       0.85     343.12|
Info:     548000 |   158507     385785 |  387   611 |     89664|       3.32     346.44|
Info:     549000 |   158828     386449 |  321   664 |     89212|       0.85     347.29|
Info:     550000 |   159184     387085 |  356   636 |     89044|       1.16     348.45|
Info:     551000 |   159440     387805 |  256   720 |     88865|       0.81     349.27|
Info:     552000 |   159814     388420 |  374   615 |     88824|       1.02     350.29|
Info:     553000 |   160114     389104 |  300   684 |     88470|       1.00     351.29|
Info:     554000 |   160470     389727 |  356   623 |     88124|       0.84     352.13|
Info:     555000 |   160783     390376 |  313   649 |     87825|       0.87     353.00|
Info:     556000 |   161131     391002 |  348   626 |     87559|       0.82     353.81|
Info:     557000 |   161420     391696 |  289   694 |     87297|       0.72     354.54|
Info:     558000 |   161765     392314 |  345   618 |     86867|       0.83     355.37|
Info:     559000 |   162134     392932 |  369   618 |     86568|       0.89     356.26|
Info:     560000 |   162438     393605 |  304   673 |     86361|       0.71     356.98|
Info:     561000 |   162775     394233 |  337   628 |     85956|       0.72     357.70|
Info:     562000 |   163124     394884 |  349   651 |     87034|       3.11     360.81|
Info:     563000 |   163389     395619 |  265   735 |     87308|       1.72     362.53|
Info:     564000 |   163844     396164 |  455   545 |     87174|       4.85     367.38|
Info:     565000 |   164235     396773 |  391   609 |     87319|       5.45     372.83|
Info:     566000 |   164708     397300 |  473   527 |     87199|       6.81     379.64|
Info:     567000 |   165013     397995 |  305   695 |     86745|       2.41     382.05|
Info:     568000 |   165345     398663 |  332   668 |     86335|       0.81     382.86|
Info:     569000 |   165716     399292 |  371   629 |     86216|       2.56     385.42|
Info:     570000 |   166127     399881 |  411   589 |     85904|       2.44     387.87|
Info:     571000 |   166457     400529 |  330   648 |     85728|       0.90     388.77|
Info:     572000 |   166838     401141 |  381   612 |     85565|       1.20     389.96|
Info:     573000 |   167067     401880 |  229   739 |     85186|       0.88     390.84|
Info:     574000 |   167439     402477 |  372   597 |     84777|       0.94     391.78|
Info:     575000 |   167767     403138 |  328   661 |     84747|       1.36     393.14|
Info:     576000 |   168114     403743 |  347   605 |     84447|       1.20     394.34|
Info:     577000 |   168542     404300 |  428   557 |     84374|       4.09     398.43|
Info:     578000 |   168876     404909 |  334   609 |     84082|       0.87     399.29|
Info:     579000 |   169226     405536 |  350   627 |     83838|       0.88     400.17|
Info:     580000 |   169533     406174 |  307   638 |     83391|       0.85     401.03|
Info:     581000 |   169912     406779 |  379   605 |     83079|       1.31     402.34|
Info:     582000 |   170324     407359 |  412   580 |     83033|       1.47     403.81|
Info:     583000 |   170776     407907 |  452   548 |     83029|       1.25     405.06|
Info:     584000 |   171132     408528 |  356   621 |     82855|       1.74     406.80|
Info:     585000 |   171447     409173 |  315   645 |     82556|       1.03     407.83|
Info:     586000 |   171826     409780 |  379   607 |     82383|       1.36     409.19|
Info:     587000 |   172141     410434 |  315   654 |     81926|       1.01     410.20|
Info:     588000 |   172571     411004 |  430   570 |     81947|       1.80     412.01|
Info:     589000 |   172938     411596 |  367   592 |     81609|       3.10     415.11|
Info:     590000 |   173300     412222 |  362   626 |     81354|       1.59     416.70|
Info:     591000 |   173653     412855 |  353   633 |     81111|       2.33     419.03|
Info:     592000 |   173915     413542 |  262   687 |     80673|       0.82     419.85|
Info:     593000 |   174273     414166 |  358   624 |     80381|       1.15     421.00|
Info:     594000 |   174632     414782 |  359   616 |     80135|       1.04     422.05|
Info:     595000 |   174995     415371 |  363   589 |     79687|       0.93     422.98|
Info:     596000 |   175303     416005 |  308   634 |     79393|       0.91     423.90|
Info:     597000 |   175620     416632 |  317   627 |     78927|       0.76     424.65|
Info:     598000 |   175942     417296 |  322   664 |     78425|       0.88     425.53|
Info:     599000 |   176330     417890 |  388   594 |     78204|       0.92     426.45|
Info:     600000 |   176690     418523 |  360   633 |     77883|       1.13     427.58|
Info:     601000 |   177036     419142 |  346   619 |     77652|       0.77     428.35|
Info:     602000 |   177422     419756 |  386   614 |     77670|       1.23     429.58|
Info:     603000 |   177829     420329 |  407   573 |     77393|       1.24     430.82|
Info:     604000 |   178146     420958 |  317   629 |     77022|       0.85     431.67|
Info:     605000 |   178499     421558 |  353   600 |     76787|       0.91     432.57|
Info:     606000 |   178843     422198 |  344   640 |     76642|       1.09     433.66|
Info:     607000 |   179196     422827 |  353   629 |     76351|       1.05     434.70|
Info:     608000 |   179643     423357 |  447   530 |     76212|       1.43     436.14|
Info:     609000 |   179945     424034 |  302   677 |     75954|       1.21     437.35|
Info:     610000 |   180357     424584 |  412   550 |     75741|       1.13     438.48|
Info:     611000 |   180671     425205 |  314   621 |     75461|       1.33     439.81|
Info:     612000 |   181013     425815 |  342   610 |     75256|       1.14     440.95|
Info:     613000 |   181393     426434 |  380   619 |     75127|       0.93     441.88|
Info:     614000 |   181768     427034 |  375   600 |     74902|       1.40     443.28|
Info:     615000 |   182144     427624 |  376   590 |     74578|       1.21     444.49|
Info:     616000 |   182501     428219 |  357   595 |     74417|       1.04     445.53|
Info:     617000 |   182959     428761 |  458   542 |     74334|       1.38     446.91|
Info:     618000 |   183360     429318 |  401   557 |     74126|       1.05     447.95|
Info:     619000 |   183713     429946 |  353   628 |     73802|       0.87     448.82|
Info:     620000 |   184014     430636 |  301   690 |     73555|       0.89     449.71|
Info:     621000 |   184461     431189 |  447   553 |     73547|      12.32     462.03|
Info:     622000 |   184776     431858 |  315   669 |     73276|       1.45     463.48|
Info:     623000 |   185102     432531 |  326   673 |     73180|       1.20     464.67|
Info:     624000 |   185524     433109 |  422   578 |     73153|       1.30     465.97|
Info:     625000 |   185878     433727 |  354   618 |     72895|       1.10     467.08|
Info:     626000 |   186222     434368 |  344   641 |     72564|       0.85     467.92|
Info:     627000 |   186573     435017 |  351   649 |     72588|       0.98     468.90|
Info:     628000 |   186898     435685 |  325   668 |     72395|       1.10     470.00|
Info:     629000 |   187261     436322 |  363   637 |     72387|       1.06     471.06|
Info:     630000 |   187753     436830 |  492   508 |     72372|       1.18     472.24|
Info:     631000 |   188165     437417 |  412   587 |     72538|       1.09     473.32|
Info:     632000 |   188595     437987 |  430   570 |     72734|       2.62     475.94|
Info:     633000 |   188978     438604 |  383   617 |     72665|       1.16     477.11|
Info:     634000 |   189387     439195 |  409   591 |     72456|       1.26     478.36|
Info:     635000 |   189818     439759 |  431   564 |     72309|       1.78     480.15|
Info:     636000 |   190163     440378 |  345   619 |     71879|       0.90     481.05|
Info:     637000 |   190487     441010 |  324   632 |     71426|       0.81     481.85|
Info:     638000 |   190928     441569 |  441   559 |     71439|       1.16     483.01|
Info:     639000 |   191202     442295 |  274   726 |     71378|       1.45     484.46|
Info:     640000 |   191673     442816 |  471   521 |     71308|       9.35     493.82|
Info:     641000 |   192006     443464 |  333   648 |     71051|       0.99     494.81|
Info:     642000 |   192315     444126 |  309   662 |     70686|       1.08     495.89|
Info:     643000 |   192657     444761 |  342   635 |     70487|       0.93     496.82|
Info:     644000 |   193003     445369 |  346   608 |     70170|       1.39     498.21|
Info:     645000 |   193368     445963 |  365   594 |     70011|       0.96     499.17|
Info:     646000 |   193874     446457 |  506   494 |     69964|       1.53     500.71|
Info:     647000 |   194266     447035 |  392   578 |     69627|       1.04     501.75|
Info:     648000 |   194603     447659 |  337   624 |     69245|       0.89     502.64|
Info:     649000 |   194963     448250 |  360   591 |     68796|       0.95     503.59|
Info:     650000 |   195332     448840 |  369   590 |     68461|       1.01     504.60|
Info:     651000 |   195623     449512 |  291   672 |     69131|       1.03     505.64|
Info:     652000 |   195774     450361 |  151   849 |     68181|       0.75     506.39|
Info:     653000 |   195983     451152 |  209   791 |     68950|       0.97     507.36|
Info:     654000 |   196170     451965 |  187   813 |     68223|       0.99     508.35|
Info:     655000 |   196548     452571 |  378   606 |     67912|       0.84     509.19|
Info:     656000 |   196897     453190 |  349   619 |     67439|       0.95     510.14|
Info:     657000 |   197189     453874 |  292   684 |     67134|       0.88     511.02|
Info:     658000 |   197606     454446 |  417   572 |     67043|       1.42     512.44|
Info:     659000 |   197943     455108 |  337   662 |     67444|       1.47     513.90|
Info:     660000 |   198274     455777 |  331   669 |     67715|       1.66     515.57|
Info:     661000 |   198671     456380 |  397   603 |     67696|       1.99     517.56|
Info:     662000 |   199063     456988 |  392   608 |     67588|       1.82     519.38|
Info:     663000 |   199471     457580 |  408   592 |     67547|       1.52     520.90|
Info:     664000 |   199847     458204 |  376   624 |     67391|       1.40     522.30|
Info:     665000 |   200281     458770 |  434   566 |     67340|       1.82     524.13|
Info:     666000 |   200754     459297 |  473   527 |     67439|       1.85     525.98|
Info:     667000 |   201136     459915 |  382   618 |     67390|       1.30     527.28|
Info:     668000 |   201599     460452 |  463   537 |     67417|       1.20     528.47|
Info:     669000 |   202010     461041 |  411   589 |     67424|       1.78     530.26|
Info:     670000 |   202454     461597 |  444   556 |     67415|       6.53     536.79|
Info:     671000 |   202784     462267 |  330   670 |     67173|       2.01     538.79|
Info:     672000 |   203294     462757 |  510   490 |     67572|       1.59     540.38|
Info:     673000 |   203716     463335 |  422   578 |     67488|       2.83     543.21|
Info:     674000 |   204231     463820 |  515   485 |     67483|       1.25     544.46|
Info:     675000 |   204622     464429 |  391   609 |     67494|       1.35     545.81|
Info:     676000 |   205080     464971 |  458   542 |     67354|       1.22     547.03|
Info:     677000 |   205464     465587 |  384   616 |     67137|       1.25     548.27|
Info:     678000 |   205860     466191 |  396   604 |     67071|       1.22     549.49|
Info:     679000 |   206314     466737 |  454   546 |     66994|       1.44     550.94|
Info:     680000 |   206701     467349 |  387   612 |     66906|       1.44     552.37|
Info:     681000 |   207146     467900 |  445   551 |     66796|       1.44     553.81|
Info:     682000 |   207351     468692 |  205   792 |     66885|       1.11     554.92|
Info:     683000 |   207631     469378 |  280   686 |     66422|       0.84     555.76|
Info:     684000 |   207908     470016 |  277   638 |     65892|       0.81     556.57|
Info:     685000 |   208238     470627 |  330   611 |     65489|       1.99     558.56|
Info:     686000 |   208545     471259 |  307   632 |     65056|       0.95     559.51|
Info:     687000 |   208930     471835 |  385   576 |     64751|       0.93     560.44|
Info:     688000 |   209336     472428 |  406   593 |     64824|       2.47     562.91|
Info:     689000 |   209707     473043 |  371   615 |     64543|       2.05     564.96|
Info:     690000 |   210050     473679 |  343   636 |     64322|       1.17     566.13|
Info:     691000 |   210477     474245 |  427   566 |     64153|       1.21     567.34|
Info:     692000 |   210834     474882 |  357   637 |     64145|       1.61     568.95|
Info:     693000 |   211168     475547 |  334   665 |     63998|       1.17     570.11|
Info:     694000 |   211569     476110 |  401   563 |     63674|       1.39     571.51|
Info:     695000 |   211958     476709 |  389   599 |     63541|       1.21     572.71|
Info:     696000 |   212335     477296 |  377   587 |     63270|       1.22     573.94|
Info:     697000 |   212715     477910 |  380   614 |     63136|       1.13     575.06|
Info:     698000 |   213202     478423 |  487   513 |     63122|       1.86     576.93|
Info:     699000 |   213617     478998 |  415   575 |     63051|       1.37     578.30|
Info:     700000 |   213982     479617 |  365   619 |     62927|       1.25     579.54|
Info:     701000 |   214321     480265 |  339   648 |     62784|       1.07     580.62|
Info:     702000 |   214643     480931 |  322   666 |     62619|       1.70     582.31|
Info:     703000 |   215081     481493 |  438   562 |     62527|       5.33     587.65|
Info:     704000 |   215330     482244 |  249   751 |     63014|       1.97     589.62|
Info:     705000 |   215660     482914 |  330   670 |     63603|       1.89     591.51|
Info:     706000 |   216029     483545 |  369   631 |     63462|       1.53     593.04|
Info:     707000 |   216404     484170 |  375   625 |     63720|       1.10     594.14|
Info:     708000 |   216764     484810 |  360   640 |     63437|       1.23     595.37|
Info:     709000 |   217178     485396 |  414   586 |     63363|       1.07     596.44|
Info:     710000 |   217559     486015 |  381   619 |     63223|       1.39     597.83|
Info:     711000 |   217974     486600 |  415   585 |     63209|       1.50     599.33|
Info:     712000 |   218346     487228 |  372   628 |     63240|       1.98     601.31|
Info:     713000 |   218742     487832 |  396   604 |     63107|       1.11     602.42|
Info:     714000 |   219170     488404 |  428   572 |     63063|       1.50     603.92|
Info:     715000 |   219530     489044 |  360   640 |     62882|       1.24     605.16|
Info:     716000 |   219926     489648 |  396   604 |     62653|       1.09     606.25|
Info:     717000 |   220295     490268 |  369   620 |     62257|       1.06     607.31|
Info:     718000 |   220610     490887 |  315   619 |     61736|       0.77     608.08|
Info:     719000 |   220990     491499 |  380   612 |     61978|       1.23     609.31|
Info:     720000 |   221295     492194 |  305   695 |     61785|       0.97     610.28|
Info:     721000 |   221658     492831 |  363   637 |     61603|       1.10     611.39|
Info:     722000 |   222023     493436 |  365   605 |     61324|       1.59     612.97|
Info:     723000 |   222389     494056 |  366   620 |     61223|       1.24     614.21|
Info:     724000 |   222770     494625 |  381   569 |     60834|       0.97     615.18|
Info:     725000 |   223183     495211 |  413   586 |     60710|       1.31     616.50|
Info:     726000 |   223609     495785 |  426   574 |     60694|       1.15     617.65|
Info:     727000 |   224016     496378 |  407   593 |     60700|       1.48     619.13|
Info:     728000 |   224446     496947 |  430   569 |     60604|       1.39     620.52|
Info:     729000 |   224777     497597 |  331   650 |     60948|       1.22     621.74|
Info:     730000 |   224998     498376 |  221   779 |     60406|       1.28     623.02|
Info:     731000 |   225440     498934 |  442   558 |     60345|       1.25     624.28|
Info:     732000 |   225856     499518 |  416   584 |     60260|       1.46     625.74|
Info:     733000 |   226234     500125 |  378   607 |     59893|       1.00     626.74|
Info:     734000 |   226591     500728 |  357   603 |     59553|       1.22     627.95|
Info:     735000 |   227025     501279 |  434   551 |     59382|       1.11     629.06|
Info:     736000 |   227460     501841 |  435   562 |     59403|       1.19     630.26|
Info:     737000 |   227836     502465 |  376   624 |     59536|       1.31     631.57|
Info:     738000 |   228273     503028 |  437   563 |     59313|       1.42     632.98|
Info:     739000 |   228652     503628 |  379   600 |     59038|       1.50     634.49|
Info:     740000 |   228998     504265 |  346   637 |     58737|       0.93     635.42|
Info:     741000 |   229379     504861 |  381   596 |     58519|       1.14     636.56|
Info:     742000 |   229751     505470 |  372   609 |     58227|       1.21     637.77|
Info:     743000 |   230147     506055 |  396   585 |     57925|       1.04     638.81|
Info:     744000 |   230580     506605 |  433   550 |     57680|       1.14     639.95|
Info:     745000 |   230946     507216 |  366   611 |     57314|       0.89     640.85|
Info:     746000 |   231348     507801 |  402   585 |     57146|       1.35     642.19|
Info:     747000 |   231691     508433 |  343   632 |     56761|       1.14     643.33|
Info:     748000 |   232019     509078 |  328   645 |     56309|       1.06     644.39|
Info:     749000 |   232440     509645 |  421   567 |     56156|       1.10     645.49|
Info:     750000 |   232835     510226 |  395   581 |     55897|       1.05     646.53|
Info:     751000 |   233239     510804 |  404   578 |     55667|       1.29     647.83|
Info:     752000 |   233564     511441 |  325   637 |     55360|       0.96     648.79|
Info:     753000 |   233934     512065 |  370   624 |     55171|       1.39     650.18|
Info:     754000 |   234414     512572 |  480   507 |     55100|       1.62     651.80|
Info:     755000 |   234825     513141 |  411   569 |     54970|       1.37     653.17|
Info:     756000 |   235330     513633 |  505   492 |     54851|       1.78     654.95|
Info:     757000 |   235702     514223 |  372   590 |     54611|       2.99     657.94|
Info:     758000 |   235994     514931 |  292   708 |     54726|       2.61     660.55|
Info:     759000 |   236379     515546 |  385   615 |     54709|       1.01     661.55|
Info:     760000 |   236829     516096 |  450   550 |     54661|       1.72     663.28|
Info:     761000 |   237244     516681 |  415   585 |     54631|       1.33     664.61|
Info:     762000 |   237570     517347 |  326   666 |     54202|       1.12     665.73|
Info:     763000 |   237986     517916 |  416   569 |     54158|       2.25     667.98|
Info:     764000 |   238338     518543 |  352   627 |     53883|       1.18     669.16|
Info:     765000 |   238668     519195 |  330   652 |     53721|       1.28     670.44|
Info:     766000 |   239030     519822 |  362   627 |     53366|       1.13     671.57|
Info:     767000 |   239424     520428 |  394   606 |     53472|       1.19     672.76|
Info:     768000 |   239907     520945 |  483   517 |     53375|       1.34     674.09|
Info:     769000 |   240271     521563 |  364   618 |     53337|       1.14     675.23|
Info:     770000 |   240678     522138 |  407   575 |     53083|       1.86     677.09|
Info:     771000 |   241094     522716 |  416   578 |     53026|       1.47     678.57|
Info:     772000 |   241554     523246 |  460   530 |     52935|       1.48     680.04|
Info:     773000 |   241954     523846 |  400   600 |     52814|       1.58     681.62|
Info:     774000 |   242366     524433 |  412   587 |     52665|       1.78     683.40|
Info:     775000 |   242695     525083 |  329   650 |     52417|       0.93     684.33|
Info:     776000 |   243065     525702 |  370   619 |     52022|       1.15     685.49|
Info:     777000 |   243457     526301 |  392   599 |     51741|       1.35     686.83|
Info:     778000 |   243969     526789 |  512   488 |     52453|      13.58     700.41|
Info:     779000 |   244391     527367 |  422   578 |     52423|       8.47     708.88|
Info:     780000 |   244771     527987 |  380   620 |     52147|       6.95     715.83|
Info:     781000 |   245115     528643 |  344   656 |     51933|       2.26     718.10|
Info:     782000 |   245548     529210 |  433   567 |     51827|       2.69     720.79|
Info:     783000 |   245979     529779 |  431   569 |     51777|       1.26     722.06|
Info:     784000 |   246511     530247 |  532   468 |     51678|       2.13     724.19|
Info:     785000 |   246895     530805 |  384   558 |     51333|       0.91     725.10|
Info:     786000 |   247336     531354 |  441   549 |     51401|       1.54     726.65|
Info:     787000 |   247660     532030 |  324   676 |     51154|       1.29     727.94|
Info:     788000 |   248075     532582 |  415   552 |     50949|       1.18     729.12|
Info:     789000 |   248417     533205 |  342   623 |     50577|       0.99     730.11|
Info:     790000 |   248830     533789 |  413   584 |     50705|       1.71     731.82|
Info:     791000 |   249193     534426 |  363   637 |     50715|       1.85     733.67|
Info:     792000 |   249618     535001 |  425   575 |     50731|       2.19     735.86|
Info:     793000 |   249917     535702 |  299   701 |     50656|       1.14     737.00|
Info:     794000 |   250284     536335 |  367   633 |     50646|       1.32     738.32|
Info:     795000 |   250693     536926 |  409   591 |     50546|       1.65     739.97|
Info:     796000 |   251138     537481 |  445   555 |     50512|       2.21     742.18|
Info:     797000 |   251626     537993 |  488   512 |     50506|       1.75     743.93|
Info:     798000 |   251994     538625 |  368   632 |     50621|       1.13     745.06|
Info:     799000 |   252388     539229 |  394   604 |     50350|       1.09     746.15|
Info:     800000 |   252805     539791 |  417   562 |     50110|       1.10     747.25|
Info:     801000 |   253241     540355 |  436   564 |     50141|       3.21     750.46|
Info:     802000 |   253677     540905 |  436   550 |     49952|       1.19     751.65|
Info:     803000 |   254092     541487 |  415   582 |     49996|       1.44     753.09|
Info:     804000 |   254459     542120 |  367   633 |     49930|       1.20     754.30|
Info:     805000 |   254852     542704 |  393   584 |     49737|       1.19     755.49|
Info:     806000 |   255246     543310 |  394   606 |     49668|       1.73     757.22|
Info:     807000 |   255589     543918 |  343   608 |     49310|       1.06     758.27|
Info:     808000 |   256057     544443 |  468   525 |     49149|       1.42     759.69|
Info:     809000 |   256475     545017 |  418   574 |     49072|       1.40     761.09|
Info:     810000 |   256729     545735 |  254   718 |     48966|       1.55     762.64|
Info:     811000 |   257035     546429 |  306   694 |     48678|       4.22     766.86|
Info:     812000 |   257426     546997 |  391   568 |     48467|       4.30     771.16|
Info:     813000 |   257824     547583 |  398   586 |     48353|       2.22     773.37|
Info:     814000 |   258303     548104 |  479   521 |     48398|       1.91     775.28|
Info:     815000 |   258789     548618 |  486   514 |     48674|       9.46     784.74|
Info:     816000 |   259214     549193 |  425   575 |     48536|       2.87     787.60|
Info:     817000 |   259590     549817 |  376   624 |     48484|       1.41     789.01|
Info:     818000 |   260046     550361 |  456   544 |     48332|       1.44     790.45|
Info:     819000 |   260500     550906 |  454   545 |     48196|       1.62     792.07|
Info:     820000 |   260874     551512 |  374   606 |     47946|       1.30     793.37|
Info:     821000 |   261305     552066 |  431   554 |     47759|       1.36     794.73|
Info:     822000 |   261664     552667 |  359   601 |     47546|       1.08     795.82|
Info:     823000 |   262012     553301 |  348   634 |     47261|       1.18     796.99|
Info:     824000 |   262451     553839 |  439   538 |     47099|       1.05     798.04|
Info:     825000 |   262857     554430 |  406   591 |     46819|       1.41     799.45|
Info:     826000 |   263277     554988 |  420   558 |     46855|       1.15     800.60|
Info:     827000 |   263644     555585 |  367   597 |     46436|       1.07     801.67|
Info:     828000 |   264008     556201 |  364   616 |     46229|       1.95     803.62|
Info:     829000 |   264376     556821 |  368   620 |     46015|       1.04     804.66|
Info:     830000 |   264796     557388 |  420   567 |     45828|       1.38     806.04|
Info:     831000 |   265273     557910 |  477   522 |     45790|       1.85     807.89|
Info:     832000 |   265708     558453 |  435   543 |     45454|       1.09     808.98|
Info:     833000 |   266090     559071 |  382   618 |     45690|       1.48     810.46|
Info:     834000 |   266466     559695 |  376   624 |     45702|       1.58     812.04|
Info:     835000 |   266898     560263 |  432   568 |     45559|       1.97     814.01|
Info:     836000 |   267352     560809 |  454   546 |     45613|       1.34     815.35|
Info:     837000 |   267782     561379 |  430   570 |     45791|       1.32     816.68|
Info:     838000 |   268256     561905 |  474   526 |     45826|       1.52     818.20|
Info:     839000 |   268638     562523 |  382   618 |     45791|       1.17     819.37|
Info:     840000 |   269011     563150 |  373   627 |     45747|       1.28     820.65|
Info:     841000 |   269362     563799 |  351   649 |     45650|       1.39     822.04|
Info:     842000 |   269801     564360 |  439   561 |     45494|       1.48     823.52|
Info:     843000 |   270214     564947 |  413   587 |     45558|       1.58     825.10|
Info:     844000 |   270669     565487 |  455   540 |     45299|       1.42     826.52|
Info:     845000 |   271054     566063 |  385   576 |     44903|       1.37     827.88|
Info:     846000 |   271434     566680 |  380   617 |     44815|       1.34     829.22|
Info:     847000 |   271839     567258 |  405   578 |     44588|       1.34     830.56|
Info:     848000 |   272264     567795 |  425   537 |     44358|       1.62     832.18|
Info:     849000 |   272548     568483 |  284   688 |     43868|       0.84     833.02|
Info:     850000 |   273027     568988 |  479   505 |     43687|       2.09     835.12|
Info:     851000 |   273494     569518 |  467   530 |     43640|       1.84     836.96|
Info:     852000 |   273816     570166 |  322   648 |     43347|       1.85     838.81|
Info:     853000 |   274200     570748 |  384   582 |     42956|       3.70     842.51|
Info:     854000 |   274555     571381 |  355   633 |     42617|       1.11     843.62|
Info:     855000 |   274898     572035 |  343   654 |     42654|       1.68     845.30|
Info:     856000 |   275366     572567 |  468   532 |     42558|       1.69     846.99|
Info:     857000 |   275849     573084 |  483   517 |     42510|       1.78     848.77|
Info:     858000 |   276337     573596 |  488   512 |     42483|       2.19     850.96|
Info:     859000 |   276737     574179 |  400   583 |     42355|       1.40     852.36|
Info:     860000 |   277119     574770 |  382   591 |     42096|       1.07     853.44|
Info:     861000 |   277499     575360 |  380   590 |     41918|       1.88     855.32|
Info:     862000 |   277996     575863 |  497   503 |     41962|       1.63     856.95|
Info:     863000 |   278484     576375 |  488   512 |     41888|       1.50     858.45|
Info:     864000 |   278889     576966 |  405   591 |     41676|       1.91     860.36|
Info:     865000 |   279330     577510 |  441   544 |     41650|       1.98     862.33|
Info:     866000 |   279739     578101 |  409   591 |     41552|       2.32     864.65|
Info:     867000 |   280155     578669 |  416   568 |     41473|       1.91     866.56|
Info:     868000 |   280607     579215 |  452   546 |     41383|       1.82     868.38|
Info:     869000 |   281085     579732 |  478   517 |     41245|       1.29     869.68|
Info:     870000 |   281497     580289 |  412   557 |     41002|       1.18     870.86|
Info:     871000 |   281940     580834 |  443   545 |     40810|       1.37     872.23|
Info:     872000 |   282388     581380 |  448   546 |     40784|       1.68     873.91|
Info:     873000 |   282797     581963 |  409   583 |     40698|       1.45     875.36|
Info:     874000 |   283113     582628 |  316   665 |     40690|       2.15     877.51|
Info:     875000 |   283504     583237 |  391   609 |     40558|       1.39     878.89|
Info:     876000 |   283979     583760 |  475   523 |     40579|       1.56     880.45|
Info:     877000 |   284428     584311 |  449   551 |     40541|       1.81     882.26|
Info:     878000 |   284896     584843 |  468   532 |     40451|       1.68     883.94|
Info:     879000 |   285349     585382 |  453   539 |     40458|       2.01     885.95|
Info:     880000 |   285810     585916 |  461   534 |     40228|       1.34     887.29|
Info:     881000 |   286242     586449 |  432   533 |     39856|       1.21     888.50|
Info:     882000 |   286623     587050 |  381   601 |     39545|       1.15     889.65|
Info:     883000 |   287107     587546 |  484   496 |     39459|       2.19     891.85|
Info:     884000 |   287576     588077 |  469   531 |     39435|       2.29     894.14|
Info:     885000 |   287934     588719 |  358   642 |     39396|       1.38     895.52|
Info:     886000 |   288429     589203 |  495   484 |     39286|       2.39     897.91|
Info:     887000 |   288796     589812 |  367   609 |     39034|       1.04     898.95|
Info:     888000 |   289274     590323 |  478   511 |     39012|       1.62     900.56|
Info:     889000 |   289602     590995 |  328   672 |     38898|       1.57     902.14|
Info:     890000 |   290042     591525 |  440   530 |     38608|       1.42     903.56|
Info:     891000 |   290494     592070 |  452   545 |     38713|       1.43     904.98|
Info:     892000 |   290946     592612 |  452   542 |     38497|       1.54     906.52|
Info:     893000 |   291356     593180 |  410   568 |     38145|       1.15     907.67|
Info:     894000 |   291745     593785 |  389   605 |     37940|       1.48     909.15|
Info:     895000 |   292133     594393 |  388   608 |     37817|       1.34     910.49|
Info:     896000 |   292485     595029 |  352   636 |     37541|       1.56     912.05|
Info:     897000 |   292897     595613 |  412   584 |     37556|       1.93     913.98|
Info:     898000 |   293240     596270 |  343   657 |     37418|       1.26     915.24|
Info:     899000 |   293672     596838 |  432   568 |     37728|       2.24     917.48|
Info:     900000 |   293982     597528 |  310   690 |     37614|       1.57     919.06|
Info:     901000 |   294370     598140 |  388   612 |     37433|       2.42     921.47|
Info:     902000 |   294776     598733 |  406   593 |     37312|       1.71     923.18|
Info:     903000 |   295186     599323 |  410   590 |     37344|       2.23     925.41|
Info:     904000 |   295585     599919 |  399   596 |     37229|       1.63     927.04|
Info:     905000 |   296047     600426 |  462   507 |     37049|       1.26     928.30|
Info:     906000 |   296494     600977 |  447   551 |     37121|       1.30     929.60|
Info:     907000 |   296880     601591 |  386   614 |     37336|       1.31     930.90|
Info:     908000 |   297299     602172 |  419   581 |     37334|       1.50     932.40|
Info:     909000 |   297737     602734 |  438   562 |     37346|       1.72     934.12|
Info:     910000 |   298136     603335 |  399   601 |     37317|       1.70     935.82|
Info:     911000 |   298527     603944 |  391   609 |     37153|       1.96     937.78|
Info:     912000 |   298924     604532 |  397   588 |     36938|       1.10     938.88|
Info:     913000 |   299337     605109 |  413   577 |     36832|       2.25     941.13|
Info:     914000 |   299695     605717 |  358   608 |     36407|       1.28     942.41|
Info:     915000 |   300075     606299 |  380   582 |     36143|       1.17     943.58|
Info:     916000 |   300425     606915 |  350   616 |     35933|       1.38     944.96|
Info:     917000 |   300795     607528 |  370   613 |     35756|       1.73     946.69|
Info:     918000 |   301192     608100 |  397   572 |     35486|       1.60     948.29|
Info:     919000 |   301638     608654 |  446   554 |     35490|       1.82     950.11|
Info:     920000 |   302059     609204 |  421   550 |     35226|       1.86     951.98|
Info:     921000 |   302571     609692 |  512   488 |     35122|       2.27     954.25|
Info:     922000 |   303028     610212 |  457   520 |     35048|       1.45     955.69|
Info:     923000 |   303517     610723 |  489   511 |     34980|       1.60     957.30|
Info:     924000 |   303934     611293 |  417   570 |     34876|       2.95     960.25|
Info:     925000 |   304338     611875 |  404   582 |     34758|       1.46     961.71|
Info:     926000 |   304743     612450 |  405   575 |     34486|       1.37     963.08|
Info:     927000 |   305109     613072 |  366   622 |     34480|       1.28     964.36|
Info:     928000 |   305538     613643 |  429   571 |     34586|       2.22     966.58|
Info:     929000 |   306037     614144 |  499   501 |     34371|       1.42     968.00|
Info:     930000 |   306459     614722 |  422   578 |     34421|       1.79     969.79|
Info:     931000 |   306941     615240 |  482   518 |     34309|       1.29     971.08|
Info:     932000 |   307315     615849 |  374   609 |     34140|       1.68     972.75|
Info:     933000 |   307616     616548 |  301   699 |     33890|       0.83     973.59|
Info:     934000 |   308125     617031 |  509   483 |     33798|       1.36     974.94|
Info:     935000 |   308581     617565 |  456   534 |     33756|       1.56     976.51|
Info:     936000 |   309007     618139 |  426   574 |     33708|       1.97     978.48|
Info:     937000 |   309356     618779 |  349   640 |     33651|       1.24     979.72|
Info:     938000 |   309759     619376 |  403   597 |     33865|       3.61     983.33|
Info:     939000 |   310200     619935 |  441   559 |     33936|       1.83     985.16|
Info:     940000 |   310583     620552 |  383   617 |     33671|       1.92     987.08|
Info:     941000 |   311023     621112 |  440   560 |     33668|       3.85     990.92|
Info:     942000 |   311409     621726 |  386   614 |     33616|       1.36     992.28|
Info:     943000 |   311864     622271 |  455   545 |     33552|       1.92     994.20|
Info:     944000 |   312217     622915 |  353   644 |     34083|       3.98     998.18|
Info:     945000 |   312524     623608 |  307   693 |     34014|       8.28    1006.47|
Info:     946000 |   312920     624212 |  396   604 |     33933|       2.49    1008.96|
Info:     947000 |   313305     624827 |  385   615 |     33761|       2.28    1011.24|
Info:     948000 |   313725     625407 |  420   580 |     33593|       1.55    1012.80|
Info:     949000 |   314181     625951 |  456   544 |     33584|       1.57    1014.36|
Info:     950000 |   314591     626539 |  410   588 |     33434|       1.76    1016.13|
Info:     951000 |   315029     627097 |  438   558 |     33419|       1.88    1018.00|
Info:     952000 |   315394     627732 |  365   635 |     33400|       1.22    1019.22|
Info:     953000 |   315712     628385 |  318   653 |     33182|       2.79    1022.01|
Info:     954000 |   316150     628943 |  438   558 |     33073|       2.07    1024.08|
Info:     955000 |   316550     629524 |  400   581 |     32805|       1.31    1025.38|
Info:     956000 |   316882     630167 |  332   643 |     32518|       1.31    1026.69|
Info:     957000 |   317282     630751 |  400   584 |     32270|       1.16    1027.86|
Info:     958000 |   317638     631386 |  356   635 |     32739|       1.33    1029.18|
Info:     959000 |   317873     632151 |  235   765 |     32112|       1.70    1030.88|
Info:     960000 |   318187     632836 |  314   685 |     32256|       2.57    1033.46|
Info:     961000 |   318645     633378 |  458   542 |     32112|       2.01    1035.47|
Info:     962000 |   319026     633996 |  381   618 |     32012|       1.33    1036.80|
Info:     963000 |   319422     634576 |  396   580 |     31658|       1.82    1038.61|
Info:     964000 |   319920     635078 |  498   502 |     31628|       1.98    1040.59|
Info:     965000 |   320281     635717 |  361   639 |     31618|       1.82    1042.41|
Info:     966000 |   320721     636259 |  440   542 |     31338|       1.39    1043.80|
Info:     967000 |   321113     636843 |  392   584 |     31022|       1.04    1044.84|
Info:     968000 |   321544     637411 |  431   568 |     31083|       2.91    1047.75|
Info:     969000 |   321964     637991 |  420   580 |     31099|       1.53    1049.28|
Info:     970000 |   322346     638609 |  382   618 |     31148|       2.17    1051.45|
Info:     971000 |   322874     639081 |  528   472 |     31176|       1.57    1053.02|
Info:     972000 |   323343     639612 |  469   531 |     31436|       4.37    1057.39|
Info:     973000 |   323894     640061 |  551   449 |     31759|      16.80    1074.19|
Info:     974000 |   324289     640666 |  395   605 |     31442|       9.36    1083.55|
Info:     975000 |   324706     641249 |  417   583 |     31232|       4.78    1088.33|
Info:     976000 |   325120     641835 |  414   586 |     31130|       3.19    1091.52|
Info:     977000 |   325565     642390 |  445   555 |     30935|       1.68    1093.20|
Info:     978000 |   326058     642897 |  493   507 |     30883|       5.21    1098.41|
Info:     979000 |   326600     643355 |  542   458 |     30870|       4.67    1103.08|
Info:     980000 |   326992     643963 |  392   608 |     30938|       3.44    1106.52|
Info:     981000 |   327410     644542 |  418   579 |     30735|       1.58    1108.10|
Info:     982000 |   327801     645135 |  391   593 |     30388|       1.37    1109.48|
Info:     983000 |   328305     645631 |  504   496 |     30570|       2.51    1111.99|
Info:     984000 |   328771     646165 |  466   534 |     30748|       5.36    1117.35|
Info:     985000 |   329224     646712 |  453   547 |     30535|       1.99    1119.35|
Info:     986000 |   329717     647219 |  493   507 |     30538|       2.23    1121.58|
Info:     987000 |   330130     647806 |  413   587 |     30521|       3.99    1125.57|
Info:     988000 |   330625     648311 |  495   505 |     30442|       1.67    1127.23|
Info:     989000 |   331153     648783 |  528   472 |     30358|       2.42    1129.65|
Info:     990000 |   331538     649389 |  385   606 |     30006|       0.87    1130.53|
Info:     991000 |   331934     649992 |  396   603 |     29780|       1.81    1132.34|
Info:     992000 |   332420     650502 |  486   510 |     29641|       1.66    1134.00|
Info:     993000 |   332822     651095 |  402   593 |     29520|       1.17    1135.17|
Info:     994000 |   333273     651629 |  451   534 |     29258|       1.14    1136.31|
Info:     995000 |   333725     652169 |  452   540 |     29106|       1.57    1137.88|
Info:     996000 |   334107     652773 |  382   604 |     28904|       1.40    1139.28|
Info:     997000 |   334524     653338 |  417   565 |     28632|       1.25    1140.53|
Info:     998000 |   334983     653879 |  459   541 |     28601|       3.19    1143.73|
Info:     999000 |   335400     654453 |  417   574 |     28465|       1.37    1145.10|
Info:    1000000 |   335760     655093 |  360   640 |     28532|       3.08    1148.18|
Info:    1001000 |   336223     655630 |  463   537 |     28465|       1.77    1149.95|
Info:    1002000 |   336674     656179 |  451   549 |     28458|       3.36    1153.31|
Info:    1003000 |   336968     656885 |  294   706 |     28834|       3.95    1157.26|
Info:    1004000 |   337312     657541 |  344   656 |     28581|       5.01    1162.27|
Info:    1005000 |   337686     658167 |  374   626 |     28453|       1.96    1164.23|
Info:    1006000 |   338180     658673 |  494   506 |     28424|       2.69    1166.93|
Info:    1007000 |   338612     659241 |  432   568 |     28573|       4.48    1171.41|
Info:    1008000 |   339062     659791 |  450   550 |     28383|       2.31    1173.71|
Info:    1009000 |   339450     660393 |  388   602 |     28170|       1.16    1174.87|
Info:    1010000 |   339863     660971 |  413   578 |     27956|       1.40    1176.27|
Info:    1011000 |   340280     661539 |  417   568 |     27613|       1.30    1177.57|
Info:    1012000 |   340736     662069 |  456   530 |     27477|       2.05    1179.62|
Info:    1013000 |   341178     662617 |  442   548 |     27265|       1.22    1180.84|
Info:    1014000 |   341602     663193 |  424   576 |     27394|      15.31    1196.15|
Info:    1015000 |   341968     663827 |  366   634 |     27119|       1.13    1197.28|
Info:    1016000 |   342385     664410 |  417   583 |     27121|       7.73    1205.01|
Info:    1017000 |   342709     665083 |  324   673 |     26923|       1.59    1206.60|
Info:    1018000 |   343116     665676 |  407   593 |     27091|       1.10    1207.70|
Info:    1019000 |   343602     666190 |  486   514 |     27071|       1.46    1209.16|
Info:    1020000 |   344080     666712 |  478   522 |     26914|       3.28    1212.44|
Info:    1021000 |   344552     667240 |  472   528 |     26853|       2.40    1214.84|
Info:    1022000 |   344990     667802 |  438   562 |     26823|       3.29    1218.13|
Info:    1023000 |   345398     668394 |  408   592 |     26859|       1.97    1220.10|
Info:    1024000 |   345868     668924 |  470   530 |     26801|       3.95    1224.05|
Info:    1025000 |   346338     669454 |  470   530 |     26823|       3.92    1227.97|
Info:    1026000 |   346720     670071 |  382   617 |     26765|       1.90    1229.86|
Info:    1027000 |   347127     670642 |  407   571 |     26477|       1.33    1231.19|
Info:    1028000 |   347539     671218 |  412   576 |     26300|       1.25    1232.44|
Info:    1029000 |   347949     671808 |  410   590 |     26361|       2.14    1234.58|
Info:    1030000 |   348407     672350 |  458   542 |     26296|       2.40    1236.98|
Info:    1031000 |   348839     672912 |  432   562 |     26120|       1.31    1238.29|
Info:    1032000 |   349282     673465 |  443   553 |     26040|       2.91    1241.19|
Info:    1033000 |   349691     674056 |  409   591 |     26087|       2.66    1243.86|
Info:    1034000 |   350127     674620 |  436   564 |     26025|       1.96    1245.82|
Info:    1035000 |   350618     675116 |  491   496 |     25812|       1.49    1247.30|
Info:    1036000 |   351025     675706 |  407   590 |     25696|       1.53    1248.83|
Info:    1037000 |   351508     676222 |  483   516 |     25655|       1.99    1250.83|
Info:    1038000 |   351931     676798 |  423   576 |     25563|       1.87    1252.69|
Info:    1039000 |   352450     677279 |  519   481 |     25560|       2.76    1255.45|
Info:    1040000 |   352840     677889 |  390   610 |     25528|       1.88    1257.33|
Info:    1041000 |   353236     678489 |  396   600 |     25408|       1.71    1259.04|
Info:    1042000 |   353754     678967 |  518   478 |     25268|       1.65    1260.69|
Info:    1043000 |   354110     679606 |  356   639 |     24970|       0.98    1261.67|
Info:    1044000 |   354524     680189 |  414   583 |     24861|       1.60    1263.27|
Info:    1045000 |   354950     680755 |  426   566 |     24592|       1.44    1264.71|
Info:    1046000 |   355409     681293 |  459   538 |     24507|       2.07    1266.78|
Info:    1047000 |   355813     681889 |  404   596 |     24554|       2.14    1268.92|
Info:    1048000 |   356304     682398 |  491   509 |     24476|       2.61    1271.54|
Info:    1049000 |   356810     682892 |  506   494 |     24568|       2.18    1273.72|
Info:    1050000 |   357268     683433 |  458   541 |     24511|       2.43    1276.15|
Info:    1051000 |   357725     683969 |  457   536 |     24405|       1.89    1278.04|
Info:    1052000 |   358191     684491 |  466   522 |     24192|       1.95    1279.99|
Info:    1053000 |   358661     685021 |  470   530 |     23985|       2.38    1282.37|
Info:    1054000 |   359177     685503 |  516   482 |     23796|       1.93    1284.31|
Info:    1055000 |   359632     686035 |  455   532 |     23655|       1.88    1286.18|
Info:    1056000 |   360040     686627 |  408   592 |     23647|       3.86    1290.04|
Info:    1057000 |   360574     687093 |  534   466 |     23578|       2.49    1292.53|
Info:    1058000 |   361102     687565 |  528   472 |     23559|       3.27    1295.81|
Info:    1059000 |   361642     688025 |  540   460 |     23516|       3.86    1299.67|
Info:    1060000 |   362136     688531 |  494   506 |     23979|      13.91    1313.58|
Info:    1061000 |   362632     689035 |  496   504 |     24213|      18.29    1331.87|
Info:    1062000 |   363116     689551 |  484   516 |     24175|      33.67    1365.53|
Info:    1063000 |   363462     690205 |  346   654 |     24000|       1.45    1366.98|
Info:    1064000 |   363821     690846 |  359   641 |     23967|       0.94    1367.92|
Info:    1065000 |   364260     691407 |  439   561 |     23863|       1.68    1369.60|
Info:    1066000 |   364651     692016 |  391   609 |     23743|       3.54    1373.14|
Info:    1067000 |   365084     692583 |  433   567 |     23552|       1.33    1374.47|
Info:    1068000 |   365469     693198 |  385   615 |     23640|       2.73    1377.20|
Info:    1069000 |   365933     693734 |  464   536 |     23503|       1.80    1378.99|
Info:    1070000 |   366440     694219 |  507   485 |     23410|      32.09    1411.08|
Info:    1071000 |   366862     694792 |  422   573 |     23237|       1.50    1412.58|
Info:    1072000 |   367304     695344 |  442   552 |     23050|       1.35    1413.93|
Info:    1073000 |   367750     695898 |  446   554 |     23021|       2.59    1416.52|
Info:    1074000 |   368201     696447 |  451   549 |     22988|       2.02    1418.54|
Info:    1075000 |   368673     696975 |  472   528 |     22949|       1.96    1420.50|
Info:    1076000 |   369076     697563 |  403   588 |     22799|       2.08    1422.58|
Info:    1077000 |   369507     698126 |  431   563 |     22706|       1.36    1423.94|
Info:    1078000 |   369918     698706 |  411   580 |     22502|       1.89    1425.83|
Info:    1079000 |   370367     699256 |  449   550 |     22597|       3.15    1428.98|
Info:    1080000 |   370765     699858 |  398   602 |     22615|       3.29    1432.27|
Info:    1081000 |   371140     700483 |  375   625 |     22585|       9.50    1441.76|
Info:    1082000 |   371529     701094 |  389   611 |     22433|       1.70    1443.46|
Info:    1083000 |   371966     701656 |  437   562 |     22373|       1.80    1445.27|
Info:    1084000 |   372367     702252 |  401   596 |     22262|       2.16    1447.43|
Info:    1085000 |   372783     702836 |  416   584 |     22254|       2.12    1449.55|
Info:    1086000 |   373263     703353 |  480   517 |     22123|       1.84    1451.39|
Info:    1087000 |   373684     703932 |  421   579 |     22111|       3.77    1455.16|
Info:    1088000 |   374169     704447 |  485   515 |     22130|       4.27    1459.44|
Info:    1089000 |   374652     704953 |  483   506 |     22012|       2.12    1461.55|
Info:    1090000 |   375097     705508 |  445   555 |     22059|       2.17    1463.73|
Info:    1091000 |   375545     706060 |  448   552 |     22155|       1.77    1465.49|
Info:    1092000 |   375994     706611 |  449   551 |     22035|       1.95    1467.44|
Info:    1093000 |   376454     707151 |  460   540 |     22000|       1.86    1469.31|
Info:    1094000 |   376867     707735 |  413   584 |     21945|       1.38    1470.68|
Info:    1095000 |   377293     708304 |  426   569 |     21625|       2.15    1472.83|
Info:    1096000 |   377706     708891 |  413   587 |     21293|       1.14    1473.97|
Info:    1097000 |   378148     709411 |  442   520 |     21212|       1.27    1475.24|
Info:    1098000 |   378552     710007 |  404   596 |     21077|       1.24    1476.48|
Info:    1099000 |   378988     710568 |  436   561 |     21018|       1.50    1477.97|
Info:    1100000 |   379405     711148 |  417   580 |     20846|       2.03    1480.00|
Info:    1101000 |   379795     711739 |  390   591 |     20640|       1.74    1481.74|
Info:    1102000 |   380308     712226 |  513   487 |     20622|       3.11    1484.85|
Info:    1103000 |   380712     712819 |  404   593 |     20519|       3.72    1488.57|
Info:    1104000 |   381159     713360 |  447   541 |     20203|       1.63    1490.20|
Info:    1105000 |   381610     713904 |  451   544 |     20051|       1.71    1491.91|
Info:    1106000 |   382134     714374 |  524   470 |     19987|       3.96    1495.87|
Info:    1107000 |   382493     715011 |  359   637 |     20004|       4.01    1499.88|
Info:    1108000 |   382996     715508 |  503   497 |     19954|       3.87    1503.75|
Info:    1109000 |   383416     716088 |  420   580 |     20108|       1.84    1505.59|
Info:    1110000 |   383782     716722 |  366   634 |     20018|       2.65    1508.24|
Info:    1111000 |   384247     717257 |  465   535 |     19935|       2.77    1511.01|
Info:    1112000 |   384682     717822 |  435   565 |     19884|       2.81    1513.82|
Info:    1113000 |   385114     718390 |  432   568 |     19968|       2.77    1516.60|
Info:    1114000 |   385570     718934 |  456   544 |     19905|       2.00    1518.60|
Info:    1115000 |   386071     719433 |  501   499 |     19877|       2.99    1521.59|
Info:    1116000 |   386485     720019 |  414   586 |     19883|       4.57    1526.16|
Info:    1117000 |   386967     720537 |  482   518 |     19890|       3.52    1529.68|
Info:    1118000 |   387393     721111 |  426   574 |     20181|       4.86    1534.54|
Info:    1119000 |   387690     721814 |  297   703 |     19925|       2.54    1537.08|
Info:    1120000 |   388146     722358 |  456   544 |     19888|       3.28    1540.36|
Info:    1121000 |   388566     722938 |  420   580 |     19873|       3.14    1543.50|
Info:    1122000 |   389035     723469 |  469   531 |     20018|       2.29    1545.78|
Info:    1123000 |   389537     723967 |  502   498 |     19955|       2.44    1548.23|
Info:    1124000 |   390037     724467 |  500   500 |     19852|       2.21    1550.44|
Info:    1125000 |   390525     724979 |  488   512 |     19826|       4.10    1554.54|
Info:    1126000 |   390974     725491 |  449   512 |     19638|       1.40    1555.95|
Info:    1127000 |   391418     726044 |  444   553 |     19434|       1.24    1557.19|
Info:    1128000 |   391922     726540 |  504   496 |     19130|       1.74    1558.93|
Info:    1129000 |   392409     727053 |  487   513 |     18976|       1.70    1560.63|
Info:    1130000 |   392889     727564 |  480   511 |     18807|       1.64    1562.27|
Info:    1131000 |   393331     728111 |  442   547 |     18657|       2.03    1564.31|
Info:    1132000 |   393797     728645 |  466   534 |     18745|       2.36    1566.67|
Info:    1133000 |   394254     729188 |  457   543 |     18651|       2.76    1569.43|
Info:    1134000 |   394771     729670 |  517   482 |     18538|      10.77    1580.20|
Info:    1135000 |   395134     730307 |  363   637 |     18365|       1.98    1582.18|
Info:    1136000 |   395580     730858 |  446   551 |     18291|       1.41    1583.59|
Info:    1137000 |   395972     731451 |  392   593 |     18130|       1.57    1585.16|
Info:    1138000 |   396412     732009 |  440   558 |     18082|       1.51    1586.67|
Info:    1139000 |   396802     732614 |  390   605 |     17893|       2.13    1588.80|
Info:    1140000 |   397267     733148 |  465   534 |     17763|       3.57    1592.37|
Info:    1141000 |   397730     733685 |  463   537 |     17795|       3.01    1595.38|
Info:    1142000 |   398169     734246 |  439   561 |     17713|       5.17    1600.55|
Info:    1143000 |   398644     734771 |  475   525 |     17707|       3.99    1604.54|
Info:    1144000 |   399050     735365 |  406   594 |     17754|       4.52    1609.06|
Info:    1145000 |   399489     735926 |  439   561 |     17703|       1.50    1610.55|
Info:    1146000 |   399982     736433 |  493   507 |     17678|       5.36    1615.91|
Info:    1147000 |   400460     736955 |  478   522 |     17641|       3.20    1619.11|
Info:    1148000 |   400891     737524 |  431   569 |     17939|       5.91    1625.02|
Info:    1149000 |   401349     738066 |  458   542 |     17750|       3.17    1628.19|
Info:    1150000 |   401808     738607 |  459   541 |     17720|       1.69    1629.88|
Info:    1151000 |   402269     739146 |  461   539 |     17699|       2.44    1632.32|
Info:    1152000 |   402707     739708 |  438   562 |     17652|       2.09    1634.41|
Info:    1153000 |   403158     740257 |  451   549 |     17627|       1.79    1636.20|
Info:    1154000 |   403570     740830 |  412   573 |     17663|       2.85    1639.05|
Info:    1155000 |   404067     741330 |  497   500 |     17553|       2.75    1641.80|
Info:    1156000 |   404541     741837 |  474   507 |     17453|       1.77    1643.57|
Info:    1157000 |   404984     742392 |  443   555 |     17159|       1.30    1644.87|
Info:    1158000 |   405481     742892 |  497   500 |     17111|       3.48    1648.36|
Info:    1159000 |   405889     743480 |  408   588 |     16892|       1.56    1649.92|
Info:    1160000 |   406241     744125 |  352   645 |     16706|       4.39    1654.30|
Info:    1161000 |   406742     744624 |  501   499 |     16640|       3.69    1657.99|
Info:    1162000 |   407228     745138 |  486   514 |     16834|       7.34    1665.33|
Info:    1163000 |   407652     745714 |  424   576 |     16636|       1.66    1666.99|
Info:    1164000 |   408170     746196 |  518   482 |     16643|       9.41    1676.40|
Info:    1165000 |   408695     746671 |  525   475 |     16639|       2.51    1678.91|
Info:    1166000 |   409094     747272 |  399   601 |     16703|       5.96    1684.87|
Info:    1167000 |   409538     747828 |  444   556 |     16662|       4.18    1689.06|
Info:    1168000 |   410000     748366 |  462   538 |     16630|       8.99    1698.05|
Info:    1169000 |   410458     748873 |  458   507 |     16441|       6.58    1704.63|
Info:    1170000 |   410898     749398 |  440   525 |     16221|       1.71    1706.34|
Info:    1171000 |   411418     749845 |  520   447 |     16114|       2.15    1708.48|
Info:    1172000 |   411776     750444 |  358   599 |     15818|       2.45    1710.93|
Info:    1173000 |   412302     750918 |  526   474 |     15788|       2.81    1713.74|
Info:    1174000 |   412760     751460 |  458   542 |     15820|       1.94    1715.68|
Info:    1175000 |   413090     752130 |  330   670 |     15852|      11.95    1727.63|
Info:    1176000 |   413613     752607 |  523   477 |     15769|      17.64    1745.27|
Info:    1177000 |   414020     753200 |  407   593 |     15793|      14.49    1759.76|
Info:    1178000 |   414484     753736 |  464   536 |     15755|       4.94    1764.70|
Info:    1179000 |   415019     754201 |  535   465 |     15700|      17.51    1782.21|
Info:    1180000 |   415337     754883 |  318   682 |     16021|       6.54    1788.75|
Info:    1181000 |   415746     755474 |  409   591 |     15873|       3.03    1791.78|
Info:    1182000 |   416091     756129 |  345   655 |     16035|       4.16    1795.94|
Info:    1183000 |   416559     756661 |  468   532 |     15905|       2.00    1797.93|
Info:    1184000 |   416977     757243 |  418   582 |     15793|       2.41    1800.35|
Info:    1185000 |   417446     757774 |  469   531 |     15845|       2.11    1802.46|
Info:    1186000 |   417920     758300 |  474   526 |     15691|       2.07    1804.53|
Info:    1187000 |   418312     758869 |  392   569 |     15555|       1.76    1806.30|
Info:    1188000 |   418688     759493 |  376   624 |     15513|       1.67    1807.96|
Info:    1189000 |   419094     760087 |  406   594 |     15530|       2.69    1810.65|
Info:    1190000 |   419566     760615 |  472   528 |     15526|       1.78    1812.43|
Info:    1191000 |   419965     761216 |  399   601 |     15523|       1.77    1814.20|
Info:    1192000 |   420479     761696 |  514   480 |     15471|       2.44    1816.64|
Info:    1193000 |   420871     762297 |  392   601 |     15181|       4.86    1821.50|
Info:    1194000 |   421295     762873 |  424   576 |     15085|       1.72    1823.22|
Info:    1195000 |   421744     763424 |  449   551 |     14842|       1.91    1825.12|
Info:    1196000 |   422166     764000 |  422   576 |     14540|       1.27    1826.39|
Info:    1197000 |   422562     764588 |  396   588 |     14467|       1.95    1828.34|
Info:    1198000 |   423006     765142 |  444   554 |     14372|       2.07    1830.41|
Info:    1199000 |   423473     765675 |  467   533 |     14440|       2.59    1833.00|
Info:    1200000 |   423894     766229 |  421   554 |     14251|       1.69    1834.69|
Info:    1201000 |   424342     766778 |  448   549 |     14218|       2.19    1836.88|
Info:    1202000 |   424688     767421 |  346   643 |     13949|       1.67    1838.55|
Info:    1203000 |   425247     767859 |  559   438 |     13906|       2.38    1840.93|
Info:    1204000 |   425766     768340 |  519   481 |     13866|       7.23    1848.15|
Info:    1205000 |   426261     768845 |  495   505 |     14212|       3.92    1852.07|
Info:    1206000 |   426639     769467 |  378   622 |     13858|       1.60    1853.67|
Info:    1207000 |   427146     769960 |  507   493 |     13824|       5.83    1859.50|
Info:    1208000 |   427558     770548 |  412   588 |     13822|       4.23    1863.73|
Info:    1209000 |   428075     771031 |  517   483 |     13843|      28.77    1892.51|
Info:    1210000 |   428562     771544 |  487   513 |     13880|       2.43    1894.94|
Info:    1211000 |   429015     772091 |  453   547 |     14018|       2.97    1897.91|
Info:    1212000 |   429439     772667 |  424   576 |     13826|       2.44    1900.35|
Info:    1213000 |   429921     773185 |  482   518 |     13771|      41.97    1942.32|
Info:    1214000 |   430458     773648 |  537   463 |     13749|      20.04    1962.36|
Info:    1215000 |   430760     774346 |  302   698 |     13826|       4.08    1966.44|
Info:    1216000 |   431193     774913 |  433   567 |     13800|      15.56    1981.99|
Info:    1217000 |   431639     775467 |  446   554 |     13805|       2.62    1984.61|
Info:    1218000 |   432177     775929 |  538   462 |     13743|      20.40    2005.01|
Info:    1219000 |   432597     776484 |  420   555 |     13426|       1.78    2006.79|
Info:    1220000 |   433011     777063 |  414   579 |     13212|       2.21    2009.00|
Info:    1221000 |   433495     777576 |  484   513 |     13159|       2.85    2011.85|
Info:    1222000 |   433948     778121 |  453   545 |     12949|       1.82    2013.67|
Info:    1223000 |   434341     778728 |  393   607 |     12726|       1.91    2015.58|
Info:    1224000 |   434714     779355 |  373   627 |     12527|       1.69    2017.27|
Info:    1225000 |   435084     779957 |  370   602 |     12092|       1.57    2018.84|
Info:    1226000 |   435604     780437 |  520   480 |     12045|       3.44    2022.28|
Info:    1227000 |   436114     780927 |  510   490 |     12185|       6.06    2028.33|
Info:    1228000 |   436595     781446 |  481   519 |     12024|       2.26    2030.60|
Info:    1229000 |   437086     781955 |  491   509 |     12024|       3.47    2034.07|
Info:    1230000 |   437659     782382 |  573   427 |     11972|       6.29    2040.36|
Info:    1231000 |   438132     782909 |  473   527 |     11915|       2.48    2042.85|
Info:    1232000 |   438432     783563 |  300   654 |     11400|       1.19    2044.04|
Info:    1233000 |   438763     784189 |  331   626 |     10895|       0.83    2044.87|
Info:    1234000 |   439313     784639 |  550   450 |     10812|       3.51    2048.38|
Info:    1235000 |   439784     785168 |  471   529 |     10767|       3.00    2051.38|
Info:    1236000 |   440259     785693 |  475   525 |     10784|       3.79    2055.17|
Info:    1237000 |   440572     786380 |  313   687 |     10850|       4.33    2059.50|
Info:    1238000 |   441000     786952 |  428   572 |     10811|       2.89    2062.39|
Info:    1239000 |   441540     787412 |  540   460 |     10883|       1.87    2064.25|
Info:    1240000 |   442000     787952 |  460   540 |     10609|       2.60    2066.85|
Info:    1241000 |   442273     788674 |  273   722 |      9965|       0.97    2067.82|
Info:    1242000 |   442674     789272 |  401   598 |      9704|       1.44    2069.26|
Info:    1243000 |   443136     789810 |  462   538 |      9399|       4.77    2074.03|
Info:    1244000 |   443672     790274 |  536   464 |      9375|       2.00    2076.03|
Info:    1245000 |   444212     790734 |  540   460 |      9375|       8.42    2084.45|
Info:    1246000 |   444691     791255 |  479   521 |      9109|      20.35    2104.81|
Info:    1247000 |   445128     791818 |  437   563 |      8859|       1.20    2106.01|
Info:    1248000 |   445569     792377 |  441   559 |      8799|       2.52    2108.52|
Info:    1249000 |   446051     792895 |  482   518 |      8706|       2.23    2110.75|
Info:    1250000 |   446511     793435 |  460   540 |      8642|       5.04    2115.79|
Info:    1251000 |   446861     794085 |  350   650 |      8121|       1.00    2116.79|
Info:    1252000 |   447222     794724 |  361   639 |      7815|       1.84    2118.63|
Info:    1253000 |   447582     795336 |  360   612 |      7633|       4.78    2123.41|
Info:    1254000 |   447743     795992 |  161   656 |      6982|       1.23    2124.64|
Info:    1255000 |   447845     796669 |  102   677 |      6164|       1.08    2125.72|
Info:    1256000 |   448095     797264 |  250   595 |      5578|       1.82    2127.54|
Info:    1257000 |   448372     797861 |  277   597 |      5084|       1.73    2129.27|
Info:    1258000 |   448580     798500 |  208   639 |      4479|       1.73    2131.00|
Info:    1259000 |   448741     799182 |  161   682 |      3754|       2.47    2133.47|
Info:    1260000 |   448861     799878 |  120   696 |      2953|       1.45    2134.92|
Info:    1261000 |   449045     800527 |  184   649 |      2334|       1.67    2136.59|
Info:    1262000 |   449341     801124 |  296   597 |      2013|       4.04    2140.64|
Info:    1263000 |   449655     801707 |  314   583 |      1640|       4.38    2145.01|
Info:    1264000 |   449898     802369 |  243   662 |      1360|      18.13    2163.14|
Info:    1265000 |   450344     802898 |  446   529 |      1156|      17.20    2180.34|
Info:    1266000 |   450674     803462 |  330   564 |       733|       3.15    2183.49|
Info:    1267000 |   450960     804074 |  286   612 |       340|       2.50    2185.99|
Info:    1267478 |   451035     804406 |   75   332 |         0|       1.13    2187.12|
Info: Routing complete.
Info: Router1 time 2187.12s
Info: Checksum: 0x0b402187

Info: Critical path report for clock '$glbnet$video_shift_clk' (posedge -> posedge):
Info:       type curr  total name
Info:   clk-to-q  0.52  0.52 Source $auto$ff.cc:337:slice$591817.Q
Info:    routing  2.83  3.35 Net g_hdmi.hdmi_inst.serializer.tmds_pair[0][0] (77,2) -> (110,0)
Info:                          Sink gpdi_dp[0]$tr_io$IOL.TXDATA0
Info:                          Defined in:
Info:                               ../hdmi/serializer.sv:42.25-42.34
Info:      setup  0.10  3.45 Source gpdi_dp[0]$tr_io$IOL.TXDATA0
Info: 0.62 ns logic, 2.83 ns routing

Info: Critical path report for clock '$glbnet$sd_clk_in' (posedge -> posedge):
Info:       type curr  total name
Info:   clk-to-q  0.52  0.52 Source $auto$ff.cc:337:slice$729003.Q
Info:    routing  0.86  1.38 Net $techmap1647521$abc$1623241$lut$aiger1623240$78514.A[2] (3,84) -> (3,84)
Info:                          Sink $abc$1623241$lut$aiger1623240$78514.D
Info:                          Defined in:
Info:                               /home/barry/oss-cad-suite-install/oss-cad-suite/lib/../share/yosys/lattice/cells_map_trellis.v:108.23-108.24
Info:      logic  0.24  1.62 Source $abc$1623241$lut$aiger1623240$78514.F
Info:    routing  0.22  1.84 Net $techmap1647525$auto$abc9_ops.cc:1613:reintegrate$1623737.A[2] (3,84) -> (3,84)
Info:                          Sink $abc$1623241$lut\g_sdram_enabled.g_astra_host.host_spi_i.rx_fifo.push.D
Info:                          Defined in:
Info:                               /home/barry/oss-cad-suite-install/oss-cad-suite/lib/../share/yosys/lattice/cells_map_trellis.v:108.23-108.24
Info:      logic  0.24  2.07 Source $abc$1623241$lut\g_sdram_enabled.g_astra_host.host_spi_i.rx_fifo.push.F
Info:    routing  1.06  3.13 Net g_sdram_enabled.g_astra_host.host_spi_i.rx_fifo.push (3,84) -> (3,85)
Info:                          Sink $auto$alumacc.cc:512:replace_alu$516102.slice[0].ccu2c_i$CCU2_COMB0.A
Info:                          Defined in:
Info:                               ../astra_host_async_byte_fifo.sv:51.10-51.14
Info:      logic  0.45  3.58 Source $auto$alumacc.cc:512:replace_alu$516102.slice[0].ccu2c_i$CCU2_COMB0.FCO
Info:    routing  0.00  3.58 Net $auto$alumacc.cc:512:replace_alu$516102.slice[0].ccu2c_i$CCU2_FCI_INT (3,85) -> (3,85)
Info:                          Sink $auto$alumacc.cc:512:replace_alu$516102.slice[0].ccu2c_i$CCU2_COMB1.FCI
Info:      logic  0.44  4.02 Source $auto$alumacc.cc:512:replace_alu$516102.slice[0].ccu2c_i$CCU2_COMB1.F
Info:    routing  0.87  4.90 Net g_sdram_enabled.g_astra_host.host_spi_i.rx_fifo.wr_bin_next[1] (3,85) -> (4,86)
Info:                          Sink $auto$abc9_ops.cc:1613:reintegrate$1623638.D
Info:                          Defined in:
Info:                               ../astra_host_async_byte_fifo.sv:52.25-52.36
Info:      logic  0.24  5.13 Source $auto$abc9_ops.cc:1613:reintegrate$1623638.F
Info:    routing  0.46  5.59 Net g_sdram_enabled.g_astra_host.host_spi_i.rx_fifo.wr_gray_next[0] (4,86) -> (3,86)
Info:                          Sink $abc$1623241$lut$aiger1623240$95703.C
Info:                          Defined in:
Info:                               ../astra_host_async_byte_fifo.sv:53.25-53.37
Info:      logic  0.24  5.82 Source $abc$1623241$lut$aiger1623240$95703.F
Info:    routing  0.79  6.62 Net $abc$1623241$lut$aiger1623240$95717.A[4] (3,86) -> (2,85)
Info:                          Sink $abc$1623241$lut$aiger1623240$95717.genblk1.genblk1.genblk1.genblk1.genblk1.lut0.M
Info:                          Defined in:
Info:                               /home/barry/oss-cad-suite-install/oss-cad-suite/lib/../share/yosys/lattice/cells_map_trellis.v:108.23-108.24
Info:      logic  0.26  6.87 Source $abc$1623241$lut$aiger1623240$95717.genblk1.genblk1.genblk1.genblk1.genblk1.lut0.OFX
Info:    routing  0.75  7.62 Net $abc$1623241$lut$aiger1623240$95731.A[4] (2,85) -> (4,84)
Info:                          Sink $abc$1623241$lut$aiger1623240$95731.genblk1.genblk1.genblk1.genblk1.genblk1.lut0.M
Info:                          Defined in:
Info:                               /home/barry/oss-cad-suite-install/oss-cad-suite/lib/../share/yosys/lattice/cells_map_trellis.v:108.23-108.24
Info:      logic  0.26  7.87 Source $abc$1623241$lut$aiger1623240$95731.genblk1.genblk1.genblk1.genblk1.genblk1.lut0.OFX
Info:    routing  0.63  8.50 Net $abc$1623241$lut$aiger1623240$95745.A[4] (4,84) -> (5,84)
Info:                          Sink $abc$1623241$lut$aiger1623240$95745.genblk1.genblk1.genblk1.genblk1.genblk1.lut0.M
Info:                          Defined in:
Info:                               /home/barry/oss-cad-suite-install/oss-cad-suite/lib/../share/yosys/lattice/cells_map_trellis.v:108.23-108.24
Info:      logic  0.26  8.76 Source $abc$1623241$lut$aiger1623240$95745.genblk1.genblk1.genblk1.genblk1.genblk1.lut0.OFX
Info:    routing  0.62  9.37 Net $abc$1623241$lut\g_sdram_enabled.g_astra_host.host_spi_i.rx_fifo.wr_full_next.A[4] (5,84) -> (4,84)
Info:                          Sink $abc$1623241$lut\g_sdram_enabled.g_astra_host.host_spi_i.rx_fifo.wr_full_next.genblk1.genblk1.genblk1.genblk1.genblk1.lut0.M
Info:                          Defined in:
Info:                               /home/barry/oss-cad-suite-install/oss-cad-suite/lib/../share/yosys/lattice/cells_map_trellis.v:108.23-108.24
Info:      logic  0.26  9.63 Source $abc$1623241$lut\g_sdram_enabled.g_astra_host.host_spi_i.rx_fifo.wr_full_next.genblk1.genblk1.genblk1.genblk1.genblk1.lut0.OFX
Info:    routing  0.37  10.00 Net g_sdram_enabled.g_astra_host.host_spi_i.rx_fifo.wr_full_next (4,84) -> (4,84)
Info:                          Sink $auto$ff.cc:337:slice$728940.M
Info:                          Defined in:
Info:                               ../astra_host_async_byte_fifo.sv:54.10-54.22
Info:      setup  0.00  10.00 Source $auto$ff.cc:337:slice$728940.M
Info: 3.38 ns logic, 6.61 ns routing

Info: Critical path report for clock '$glbnet$clk25_mhz$TRELLIS_IO_IN' (posedge -> posedge):
Info:       type curr  total name
Info:   clk-to-q  0.52  0.52 Source $auto$ff.cc:337:slice$585347.Q
Info:    routing  1.13  1.66 Net g_sdram_enabled.g_usb_host.usb_host_i.ctrl_addr[4] (57,38) -> (57,37)
Info:                          Sink $abc$1623241$lut$aiger1623240$57095.D
Info:                          Defined in:
Info:                               ../thirdparty/usb_ohci/UsbOhciWishbone_Dw32_Pc1_Pf48000000.v:160.23-160.34
Info:      logic  0.24  1.89 Source $abc$1623241$lut$aiger1623240$57095.F
Info:    routing  1.93  3.83 Net $techmap1645684$abc$1623241$lut$aiger1623240$57097.A[1] (57,37) -> (55,20)
Info:                          Sink $abc$1623241$lut$aiger1623240$57097.D
Info:                          Defined in:
Info:                               /home/barry/oss-cad-suite-install/oss-cad-suite/lib/../share/yosys/lattice/cells_map_trellis.v:108.23-108.24
Info:      logic  0.24  4.06 Source $abc$1623241$lut$aiger1623240$57097.F
Info:    routing  0.65  4.71 Net $techmap1645685$abc$1623241$lut$aiger1623240$57099.A[2] (55,20) -> (55,20)
Info:                          Sink $abc$1623241$lut$aiger1623240$57175.D
Info:                          Defined in:
Info:                               /home/barry/oss-cad-suite-install/oss-cad-suite/lib/../share/yosys/lattice/cells_map_trellis.v:108.23-108.24
Info:      logic  0.24  4.95 Source $abc$1623241$lut$aiger1623240$57175.F
Info:    routing  1.66  6.61 Net $abc$1623241$lut$aiger1623240$102674.A[3] (55,20) -> (52,9)
Info:                          Sink $abc$1623241$lut$aiger1623240$82150.D
Info:                          Defined in:
Info:                               /home/barry/oss-cad-suite-install/oss-cad-suite/lib/../share/yosys/lattice/cells_map_trellis.v:108.23-108.24
Info:      logic  0.24  6.85 Source $abc$1623241$lut$aiger1623240$82150.F
Info:    routing  0.73  7.58 Net $techmap1648416$abc$1623241$lut\g_sdram_enabled.g_usb_host.usb_host_i.ohci_i.front_ohci.reg_hcCommandStatus_startSoftReset.A[1] (52,9) -> (52,8)
Info:                          Sink $abc$1623241$lut\g_sdram_enabled.g_usb_host.usb_host_i.ohci_i.front_ohci.reg_hcCommandStatus_startSoftReset.D
Info:                          Defined in:
Info:                               /home/barry/oss-cad-suite-install/oss-cad-suite/lib/../share/yosys/lattice/cells_map_trellis.v:108.23-108.24
Info:      logic  0.24  7.81 Source $abc$1623241$lut\g_sdram_enabled.g_usb_host.usb_host_i.ohci_i.front_ohci.reg_hcCommandStatus_startSoftReset.F
Info:    routing  0.46  8.27 Net g_sdram_enabled.g_usb_host.usb_host_i.ohci_i.front_ohci.reg_hcCommandStatus_startSoftReset (52,8) -> (53,8)
Info:                          Sink $auto$abc9_ops.cc:1613:reintegrate$1623657.D
Info:                          Defined in:
Info:                               ../thirdparty/usb_ohci/UsbOhciWishbone_Dw32_Pc1_Pf48000000.v:3246.23-3246.57
Info:      logic  0.24  8.51 Source $auto$abc9_ops.cc:1613:reintegrate$1623657.F
Info:    routing  0.04  8.55 Net $techmap1649200$abc$1623241$lut$aiger1623240$82157.A[3] (53,8) -> (53,8)
Info:                          Sink $abc$1623241$lut$aiger1623240$82157.D
Info:                          Defined in:
Info:                               /home/barry/oss-cad-suite-install/oss-cad-suite/lib/../share/yosys/lattice/cells_map_trellis.v:108.23-108.24
Info:      logic  0.24  8.79 Source $abc$1623241$lut$aiger1623240$82157.F
Info:    routing  0.43  9.21 Net $techmap1649201$abc$1623241$lut$aiger1623240$82200.A[1] (53,8) -> (53,8)
Info:                          Sink $abc$1623241$lut$auto$fsm_map.cc:170:map_fsm$488216[4].D
Info:                          Defined in:
Info:                               /home/barry/oss-cad-suite-install/oss-cad-suite/lib/../share/yosys/lattice/cells_map_trellis.v:108.23-108.24
Info:      logic  0.24  9.45 Source $abc$1623241$lut$auto$fsm_map.cc:170:map_fsm$488216[4].F
Info:    routing  0.62  10.07 Net $abc$1623241$auto$fsm_map.cc:170:map_fsm$488216[5] (53,8) -> (53,8)
Info:                          Sink $abc$1623241$lut$aiger1623240$82174.D
Info:                          Defined in:
Info:                               /home/barry/oss-cad-suite-install/oss-cad-suite/lib/../share/yosys/lattice/cells_map_trellis.v:108.23-108.24
Info:      logic  0.24  10.31 Source $abc$1623241$lut$aiger1623240$82174.F
Info:    routing  0.72  11.03 Net $abc$1623241$lut$aiger1623240$82204.A[4] (53,8) -> (53,6)
Info:                          Sink $abc$1623241$lut$aiger1623240$82204.genblk1.genblk1.genblk1.genblk1.genblk1.lut0.M
Info:                          Defined in:
Info:                               /home/barry/oss-cad-suite-install/oss-cad-suite/lib/../share/yosys/lattice/cells_map_trellis.v:108.23-108.24
Info:      logic  0.26  11.29 Source $abc$1623241$lut$aiger1623240$82204.genblk1.genblk1.genblk1.genblk1.genblk1.lut0.OFX
Info:    routing  3.43  14.72 Net $auto$abc9_ops.cc:1613:reintegrate$1623516.A[4] (53,6) -> (105,4)
Info:                          Sink $abc$1623241$lut$aiger1623240$82212.D
Info:                          Defined in:
Info:                               /home/barry/oss-cad-suite-install/oss-cad-suite/lib/../share/yosys/lattice/cells_map_trellis.v:108.23-108.24
Info:      logic  0.24  14.95 Source $abc$1623241$lut$aiger1623240$82212.F
Info:    routing  0.67  15.62 Net $abc$1623241$lut$auto$fsm_map.cc:170:map_fsm$488381[4].A[4] (105,4) -> (106,4)
Info:                          Sink $abc$1623241$lut$auto$fsm_map.cc:170:map_fsm$488381[5].genblk1.genblk1.genblk1.genblk1.genblk1.lut0.M
Info:                          Defined in:
Info:                               /home/barry/oss-cad-suite-install/oss-cad-suite/lib/../share/yosys/lattice/cells_map_trellis.v:108.23-108.24
Info:      logic  0.26  15.88 Source $abc$1623241$lut$auto$fsm_map.cc:170:map_fsm$488381[5].genblk1.genblk1.genblk1.genblk1.genblk1.lut0.OFX
Info:    routing  0.84  16.72 Net $abc$1623241$auto$fsm_map.cc:170:map_fsm$488381[5] (106,4) -> (105,4)
Info:                          Sink $abc$1623241$lut$aiger1623240$82258.genblk1.genblk1.genblk1.genblk1.genblk1.lut0.D
Info:                          Defined in:
Info:                               /home/barry/oss-cad-suite-install/oss-cad-suite/lib/../share/yosys/lattice/cells_map_trellis.v:108.23-108.24
Info:      logic  0.40  17.12 Source $abc$1623241$lut$aiger1623240$82258.genblk1.genblk1.genblk1.genblk1.genblk1.lut0.OFX
Info:    routing  0.93  18.05 Net $techmap1649252$abc$1623241$lut\g_sdram_enabled.g_usb_host.usb_host_i.ohci_i.front_ohci._zz_110.A[2] (105,4) -> (112,4)
Info:                          Sink $abc$1623241$lut$aiger1623240$82264.D
Info:                          Defined in:
Info:                               /home/barry/oss-cad-suite-install/oss-cad-suite/lib/../share/yosys/lattice/cells_map_trellis.v:108.23-108.24
Info:      logic  0.24  18.28 Source $abc$1623241$lut$aiger1623240$82264.F
Info:    routing  0.44  18.73 Net $techmap1649412$auto$abc9_ops.cc:1613:reintegrate$1623649.A[3] (112,4) -> (112,4)
Info:                          Sink $abc$1623241$lut$aiger1623240$82265.D
Info:                          Defined in:
Info:                               /home/barry/oss-cad-suite-install/oss-cad-suite/lib/../share/yosys/lattice/cells_map_trellis.v:108.23-108.24
Info:      logic  0.24  18.96 Source $abc$1623241$lut$aiger1623240$82265.F
Info:    routing  0.41  19.38 Net $abc$1623241$lut$auto$fsm_map.cc:170:map_fsm$488843[1].A[4] (112,4) -> (113,4)
Info:                          Sink $abc$1623241$lut$auto$fsm_map.cc:170:map_fsm$488843[1].genblk1.genblk1.genblk1.genblk1.genblk1.lut0.M
Info:                          Defined in:
Info:                               /home/barry/oss-cad-suite-install/oss-cad-suite/lib/../share/yosys/lattice/cells_map_trellis.v:108.23-108.24
Info:      logic  0.26  19.63 Source $abc$1623241$lut$auto$fsm_map.cc:170:map_fsm$488843[1].genblk1.genblk1.genblk1.genblk1.genblk1.lut0.OFX
Info:    routing  0.84  20.47 Net $abc$1623241$auto$fsm_map.cc:170:map_fsm$488843[1] (113,4) -> (112,4)
Info:                          Sink $abc$1623241$lut$aiger1623240$82326.C
Info:                          Defined in:
Info:                               /home/barry/oss-cad-suite-install/oss-cad-suite/lib/../share/yosys/lattice/cells_map_trellis.v:108.23-108.24
Info:      logic  0.24  20.71 Source $abc$1623241$lut$aiger1623240$82326.F
Info:    routing  0.63  21.34 Net $techmap1649415$auto$abc9_ops.cc:1613:reintegrate$1623648.A[3] (112,4) -> (115,4)
Info:                          Sink $auto$abc9_ops.cc:1613:reintegrate$1623648.D
Info:                          Defined in:
Info:                               /home/barry/oss-cad-suite-install/oss-cad-suite/lib/../share/yosys/lattice/cells_map_trellis.v:108.23-108.24
Info:      logic  0.24  21.58 Source $auto$abc9_ops.cc:1613:reintegrate$1623648.F
Info:    routing  0.23  21.81 Net $abc$1623241$auto$fsm_map.cc:170:map_fsm$489059[3] (115,4) -> (115,4)
Info:                          Sink $abc$1623241$lut$aiger1623240$87815.D
Info:                          Defined in:
Info:                               /home/barry/oss-cad-suite-install/oss-cad-suite/lib/../share/yosys/lattice/cells_map_trellis.v:108.23-108.24
Info:      logic  0.24  22.04 Source $abc$1623241$lut$aiger1623240$87815.F
Info:    routing  0.44  22.48 Net $abc$1623241$lut$auto$fsm_map.cc:170:map_fsm$489059[2].A[4] (115,4) -> (115,4)
Info:                          Sink $abc$1623241$lut$auto$fsm_map.cc:170:map_fsm$489059[1].D
Info:                          Defined in:
Info:                               /home/barry/oss-cad-suite-install/oss-cad-suite/lib/../share/yosys/lattice/cells_map_trellis.v:108.23-108.24
Info:      logic  0.24  22.72 Source $abc$1623241$lut$auto$fsm_map.cc:170:map_fsm$489059[1].F
Info:    routing  0.62  23.34 Net $abc$1623241$auto$fsm_map.cc:170:map_fsm$489059[1] (115,4) -> (115,4)
Info:                          Sink $abc$1623241$lut$aiger1623240$87827.C
Info:                          Defined in:
Info:                               /home/barry/oss-cad-suite-install/oss-cad-suite/lib/../share/yosys/lattice/cells_map_trellis.v:108.23-108.24
Info:      logic  0.24  23.57 Source $abc$1623241$lut$aiger1623240$87827.F
Info:    routing  0.89  24.46 Net $techmap1649422$abc$1623241$lut$aiger1623240$87838.A[3] (115,4) -> (115,5)
Info:                          Sink $abc$1623241$lut$aiger1623240$87838.D
Info:                          Defined in:
Info:                               /home/barry/oss-cad-suite-install/oss-cad-suite/lib/../share/yosys/lattice/cells_map_trellis.v:108.23-108.24
Info:      logic  0.24  24.70 Source $abc$1623241$lut$aiger1623240$87838.F
Info:    routing  0.44  25.14 Net $techmap1649423$auto$abc9_ops.cc:1613:reintegrate$1626867.A[2] (115,5) -> (115,5)
Info:                          Sink $auto$abc9_ops.cc:1613:reintegrate$1623462.D
Info:                          Defined in:
Info:                               /home/barry/oss-cad-suite-install/oss-cad-suite/lib/../share/yosys/lattice/cells_map_trellis.v:108.23-108.24
Info:      logic  0.24  25.38 Source $auto$abc9_ops.cc:1613:reintegrate$1623462.F
Info:    routing  0.64  26.02 Net $abc$1623241$auto$opt_dff.cc:234:make_patterns_logic$495416 (115,5) -> (115,6)
Info:                          Sink $auto$ff.cc:337:slice$584688.CE
Info:      setup  0.00  26.02 Source $auto$ff.cc:337:slice$584688.CE
Info: 6.18 ns logic, 19.84 ns routing

Info: Critical path report for clock '$glbnet$video_pixel_clk' (posedge -> posedge):
Info:       type curr  total name
Info:   clk-to-q  0.52  0.52 Source $auto$ff.cc:337:slice$530906.Q
Info:    routing  0.90  1.42 Net g_hdmi.hdmi_inst.video_data[17] (25,6) -> (25,8)
Info:                          Sink $abc$1623241$lut$aiger1623240$104281.C
Info:                          Defined in:
Info:                               ../hdmi/hdmi.sv:240.14-240.24
Info:      logic  0.24  1.66 Source $abc$1623241$lut$aiger1623240$104281.F
Info:    routing  0.50  2.15 Net $techmap1637104$abc$1623241$lut$aiger1623240$104284.A[1] (25,8) -> (25,8)
Info:                          Sink $abc$1623241$lut$aiger1623240$104284.D
Info:                          Defined in:
Info:                               /home/barry/oss-cad-suite-install/oss-cad-suite/lib/../share/yosys/lattice/cells_map_trellis.v:108.23-108.24
Info:      logic  0.24  2.39 Source $abc$1623241$lut$aiger1623240$104284.F
Info:    routing  0.64  3.03 Net $techmap1637105$abc$1623241$lut$aiger1623240$104347.A[3] (25,8) -> (25,8)
Info:                          Sink $abc$1623241$lut$aiger1623240$104287.D
Info:                          Defined in:
Info:                               /home/barry/oss-cad-suite-install/oss-cad-suite/lib/../share/yosys/lattice/cells_map_trellis.v:108.23-108.24
Info:      logic  0.24  3.27 Source $abc$1623241$lut$aiger1623240$104287.F
Info:    routing  0.71  3.98 Net $techmap1637117$auto$abc9_ops.cc:1613:reintegrate$1627497.A[0] (25,8) -> (25,7)
Info:                          Sink $abc$1623241$lut$aiger1623240$104290.D
Info:                          Defined in:
Info:                               /home/barry/oss-cad-suite-install/oss-cad-suite/lib/../share/yosys/lattice/cells_map_trellis.v:108.23-108.24
Info:      logic  0.24  4.21 Source $abc$1623241$lut$aiger1623240$104290.F
Info:    routing  0.61  4.82 Net $techmap1637112$abc$1623241$lut$aiger1623240$104326.A[1] (25,7) -> (25,7)
Info:                          Sink $abc$1623241$lut$aiger1623240$104326.D
Info:                          Defined in:
Info:                               /home/barry/oss-cad-suite-install/oss-cad-suite/lib/../share/yosys/lattice/cells_map_trellis.v:108.23-108.24
Info:      logic  0.24  5.06 Source $abc$1623241$lut$aiger1623240$104326.F
Info:    routing  0.98  6.03 Net $techmap1637113$abc$1623241$lut$aiger1623240$104371.A[0] (25,7) -> (24,6)
Info:                          Sink $abc$1623241$lut$aiger1623240$104371.C
Info:                          Defined in:
Info:                               /home/barry/oss-cad-suite-install/oss-cad-suite/lib/../share/yosys/lattice/cells_map_trellis.v:108.23-108.24
Info:      logic  0.24  6.27 Source $abc$1623241$lut$aiger1623240$104371.F
Info:    routing  0.63  6.90 Net $techmap1637116$abc$1623241$lut$aiger1623240$104380.A[1] (24,6) -> (24,6)
Info:                          Sink $abc$1623241$lut$aiger1623240$104380.C
Info:                          Defined in:
Info:                               /home/barry/oss-cad-suite-install/oss-cad-suite/lib/../share/yosys/lattice/cells_map_trellis.v:108.23-108.24
Info:      logic  0.24  7.14 Source $abc$1623241$lut$aiger1623240$104380.F
Info:    routing  0.73  7.87 Net $techmap1637117$auto$abc9_ops.cc:1613:reintegrate$1627497.A[2] (24,6) -> (25,5)
Info:                          Sink $abc$1623241$lut$aiger1623240$104384.D
Info:                          Defined in:
Info:                               /home/barry/oss-cad-suite-install/oss-cad-suite/lib/../share/yosys/lattice/cells_map_trellis.v:108.23-108.24
Info:      logic  0.24  8.11 Source $abc$1623241$lut$aiger1623240$104384.F
Info:    routing  0.86  8.96 Net $techmap1637124$auto$abc9_ops.cc:1613:reintegrate$1627496.A[2] (25,5) -> (23,5)
Info:                          Sink $abc$1623241$lut$aiger1623240$104420.D
Info:                          Defined in:
Info:                               /home/barry/oss-cad-suite-install/oss-cad-suite/lib/../share/yosys/lattice/cells_map_trellis.v:108.23-108.24
Info:      logic  0.24  9.20 Source $abc$1623241$lut$aiger1623240$104420.F
Info:    routing  0.04  9.24 Net $techmap1637127$abc$1623241$lut$aiger1623240$104424.A[1] (23,5) -> (23,5)
Info:                          Sink $abc$1623241$lut$aiger1623240$104424.D
Info:                          Defined in:
Info:                               /home/barry/oss-cad-suite-install/oss-cad-suite/lib/../share/yosys/lattice/cells_map_trellis.v:108.23-108.24
Info:      logic  0.24  9.48 Source $abc$1623241$lut$aiger1623240$104424.F
Info:    routing  1.07  10.54 Net $techmap1637128$abc$1623241$lut$aiger1623240$104449.A[1] (23,5) -> (24,5)
Info:                          Sink $auto$alumacc.cc:512:replace_alu$516795.slice[2].ccu2c_i$CCU2_COMB0.B
Info:                          Defined in:
Info:                               /home/barry/oss-cad-suite-install/oss-cad-suite/lib/../share/yosys/lattice/cells_map_trellis.v:108.23-108.24
Info:      logic  0.45  10.99 Source $auto$alumacc.cc:512:replace_alu$516795.slice[2].ccu2c_i$CCU2_COMB0.FCO
Info:    routing  0.00  10.99 Net $auto$alumacc.cc:512:replace_alu$516795.slice[2].ccu2c_i$CCU2_FCI_INT (24,5) -> (24,5)
Info:                          Sink $auto$alumacc.cc:512:replace_alu$516795.slice[2].ccu2c_i$CCU2_COMB1.FCI
Info:      logic  0.44  11.43 Source $auto$alumacc.cc:512:replace_alu$516795.slice[2].ccu2c_i$CCU2_COMB1.F
Info:    routing  0.87  12.30 Net $abc$1623241$aiger1623240$30300 (24,5) -> (24,4)
Info:                          Sink $auto$alumacc.cc:512:replace_alu$516165.slice[2].ccu2c_i$CCU2_COMB1.B
Info:      logic  0.45  12.74 Source $auto$alumacc.cc:512:replace_alu$516165.slice[2].ccu2c_i$CCU2_COMB1.FCO
Info:    routing  0.00  12.74 Net $techmap1631025$auto$alumacc.cc:512:replace_alu$516165.slice[2].ccu2c_i.COUT (24,4) -> (24,4)
Info:                          Sink $auto$alumacc.cc:512:replace_alu$516165.slice[4].ccu2c_i$CCU2_COMB0.FCI
Info:                          Defined in:
Info:                               ../hdmi/tmds_channel.sv:94.24-94.41
Info:                               /home/barry/oss-cad-suite-install/oss-cad-suite/lib/../share/yosys/lattice/arith_map_ccu2c.v:74.7-80.4
Info:                               /home/barry/oss-cad-suite-install/oss-cad-suite/lib/../share/yosys/lattice/ccu2c_sim.vh:9.9-9.13
Info:      logic  0.44  13.19 Source $auto$alumacc.cc:512:replace_alu$516165.slice[4].ccu2c_i$CCU2_COMB0.F
Info:    routing  0.66  13.85 Net $techmap1637138$auto$abc9_ops.cc:1613:reintegrate$1627493.A[0] (24,4) -> (25,4)
Info:                          Sink $abc$1623241$lut$aiger1623240$104453.D
Info:                          Defined in:
Info:                               /home/barry/oss-cad-suite-install/oss-cad-suite/lib/../share/yosys/lattice/cells_map_trellis.v:108.23-108.24
Info:      logic  0.24  14.09 Source $abc$1623241$lut$aiger1623240$104453.F
Info:    routing  0.48  14.57 Net $techmap1637130$auto$abc9_ops.cc:1613:reintegrate$1627495.A[3] (25,4) -> (25,4)
Info:                          Sink $abc$1623241$lut$aiger1623240$122089.D
Info:                          Defined in:
Info:                               /home/barry/oss-cad-suite-install/oss-cad-suite/lib/../share/yosys/lattice/cells_map_trellis.v:108.23-108.24
Info:      logic  0.24  14.80 Source $abc$1623241$lut$aiger1623240$122089.F
Info:    routing  0.69  15.49 Net $techmap1637138$auto$abc9_ops.cc:1613:reintegrate$1627493.A[1] (25,4) -> (23,4)
Info:                          Sink $abc$1623241$lut$aiger1623240$122113.D
Info:                          Defined in:
Info:                               /home/barry/oss-cad-suite-install/oss-cad-suite/lib/../share/yosys/lattice/cells_map_trellis.v:108.23-108.24
Info:      logic  0.24  15.72 Source $abc$1623241$lut$aiger1623240$122113.F
Info:    routing  0.68  16.40 Net $techmap1637136$auto$abc9_ops.cc:1613:reintegrate$1627494.A[3] (23,4) -> (23,4)
Info:                          Sink $auto$abc9_ops.cc:1613:reintegrate$1627494.D
Info:                          Defined in:
Info:                               /home/barry/oss-cad-suite-install/oss-cad-suite/lib/../share/yosys/lattice/cells_map_trellis.v:108.23-108.24
Info:      logic  0.24  16.64 Source $auto$abc9_ops.cc:1613:reintegrate$1627494.F
Info:    routing  1.12  17.75 Net $abc$1623241$aiger1623240$122120b (23,4) -> (24,3)
Info:                          Sink $auto$alumacc.cc:512:replace_alu$516205.slice[2].ccu2c_i$CCU2_COMB1.B
Info:      logic  0.45  18.20 Source $auto$alumacc.cc:512:replace_alu$516205.slice[2].ccu2c_i$CCU2_COMB1.FCO
Info:    routing  0.00  18.20 Net $techmap1631022$auto$alumacc.cc:512:replace_alu$516205.slice[2].ccu2c_i.COUT (24,3) -> (24,3)
Info:                          Sink $auto$alumacc.cc:512:replace_alu$516205.slice[4].ccu2c_i$CCU2_COMB0.FCI
Info:                          Defined in:
Info:                               ../hdmi/tmds_channel.sv:100.62-100.75
Info:                               /home/barry/oss-cad-suite-install/oss-cad-suite/lib/../share/yosys/lattice/arith_map_ccu2c.v:74.7-80.4
Info:                               /home/barry/oss-cad-suite-install/oss-cad-suite/lib/../share/yosys/lattice/ccu2c_sim.vh:9.9-9.13
Info:      logic  0.44  18.64 Source $auto$alumacc.cc:512:replace_alu$516205.slice[4].ccu2c_i$CCU2_COMB0.F
Info:    routing  0.13  18.77 Net $auto$alumacc.cc:512:replace_alu$516205.Y[4] (24,3) -> (24,3)
Info:                          Sink $auto$ff.cc:337:slice$591784.DI
Info:                          Defined in:
Info:                               ../hdmi/tmds_channel.sv:100.62-100.75
Info:                               /home/barry/oss-cad-suite-install/oss-cad-suite/lib/../share/yosys/lattice/arith_map_ccu2c.v:34.26-34.27
Info:      setup  0.00  18.77 Source $auto$ff.cc:337:slice$591784.DI
Info: 6.50 ns logic, 12.27 ns routing

Info: Critical path report for clock '$glbnet$usb_phy_domain_clk' (posedge -> posedge):
Info:       type curr  total name
Info:   clk-to-q  0.52  0.52 Source $auto$ff.cc:337:slice$584705.Q
Info:    routing  0.94  1.47 Net g_sdram_enabled.g_usb_host.usb_host_i.ohci_i.back_phy.ports_0_fsm_timer_counter[0] (9,3) -> (8,5)
Info:                          Sink $abc$1623241$lut$aiger1623240$56930.D
Info:                          Defined in:
Info:                               ../thirdparty/usb_ohci/UsbOhciWishbone_Dw32_Pc1_Pf48000000.v:1088.23-1088.48
Info:      logic  0.24  1.71 Source $abc$1623241$lut$aiger1623240$56930.F
Info:    routing  0.48  2.18 Net $techmap1660205$abc$1623241$lut$aiger1623240$56949.A[2] (8,5) -> (8,5)
Info:                          Sink $abc$1623241$lut$aiger1623240$56949.D
Info:                          Defined in:
Info:                               /home/barry/oss-cad-suite-install/oss-cad-suite/lib/../share/yosys/lattice/cells_map_trellis.v:108.23-108.24
Info:      logic  0.24  2.42 Source $abc$1623241$lut$aiger1623240$56949.F
Info:    routing  0.60  3.02 Net $abc$1623241$lut$aiger1623240$57058.A[3] (8,5) -> (8,5)
Info:                          Sink $abc$1623241$lut$aiger1623240$56955.D
Info:                          Defined in:
Info:                               /home/barry/oss-cad-suite-install/oss-cad-suite/lib/../share/yosys/lattice/cells_map_trellis.v:108.23-108.24
Info:      logic  0.24  3.25 Source $abc$1623241$lut$aiger1623240$56955.F
Info:    routing  0.74  3.99 Net $techmap1660240$abc$1623241$lut$aiger1623240$56961.A[3] (8,5) -> (10,6)
Info:                          Sink $abc$1623241$lut$aiger1623240$56961.D
Info:                          Defined in:
Info:                               /home/barry/oss-cad-suite-install/oss-cad-suite/lib/../share/yosys/lattice/cells_map_trellis.v:108.23-108.24
Info:      logic  0.24  4.23 Source $abc$1623241$lut$aiger1623240$56961.F
Info:    routing  1.25  5.48 Net $techmap1660243$abc$1623241$lut$aiger1623240$56976.A[2] (10,6) -> (8,2)
Info:                          Sink $abc$1623241$lut$aiger1623240$56976.C
Info:                          Defined in:
Info:                               /home/barry/oss-cad-suite-install/oss-cad-suite/lib/../share/yosys/lattice/cells_map_trellis.v:108.23-108.24
Info:      logic  0.24  5.72 Source $abc$1623241$lut$aiger1623240$56976.F
Info:    routing  0.42  6.14 Net $techmap1660244$abc$1623241$lut$aiger1623240$56995.A[3] (8,2) -> (8,2)
Info:                          Sink $abc$1623241$lut$aiger1623240$56995.D
Info:                          Defined in:
Info:                               /home/barry/oss-cad-suite-install/oss-cad-suite/lib/../share/yosys/lattice/cells_map_trellis.v:108.23-108.24
Info:      logic  0.24  6.37 Source $abc$1623241$lut$aiger1623240$56995.F
Info:    routing  0.62  7.00 Net $techmap1660245$abc$1623241$lut$aiger1623240$57011.A[3] (8,2) -> (8,2)
Info:                          Sink $abc$1623241$lut$aiger1623240$57011.D
Info:                          Defined in:
Info:                               /home/barry/oss-cad-suite-install/oss-cad-suite/lib/../share/yosys/lattice/cells_map_trellis.v:108.23-108.24
Info:      logic  0.24  7.23 Source $abc$1623241$lut$aiger1623240$57011.F
Info:    routing  0.41  7.65 Net $techmap1660246$abc$1623241$lut$aiger1623240$57073.A[3] (8,2) -> (10,2)
Info:                          Sink $abc$1623241$lut$aiger1623240$57073.D
Info:                          Defined in:
Info:                               /home/barry/oss-cad-suite-install/oss-cad-suite/lib/../share/yosys/lattice/cells_map_trellis.v:108.23-108.24
Info:      logic  0.24  7.88 Source $abc$1623241$lut$aiger1623240$57073.F
Info:    routing  0.42  8.30 Net $techmap1660247$abc$1623241$lut$aiger1623240$57085.A[2] (10,2) -> (10,2)
Info:                          Sink $abc$1623241$lut$aiger1623240$57085.D
Info:                          Defined in:
Info:                               /home/barry/oss-cad-suite-install/oss-cad-suite/lib/../share/yosys/lattice/cells_map_trellis.v:108.23-108.24
Info:      logic  0.24  8.54 Source $abc$1623241$lut$aiger1623240$57085.F
Info:    routing  0.86  9.40 Net $techmap1660248$auto$abc9_ops.cc:1613:reintegrate$1623914.A[1] (10,2) -> (11,3)
Info:                          Sink $abc$1623241$lut$aiger1623240$96570.genblk1.genblk1.genblk1.genblk1.genblk1.lut0.M
Info:                          Defined in:
Info:                               /home/barry/oss-cad-suite-install/oss-cad-suite/lib/../share/yosys/lattice/cells_map_trellis.v:108.23-108.24
Info:      logic  0.26  9.66 Source $abc$1623241$lut$aiger1623240$96570.genblk1.genblk1.genblk1.genblk1.genblk1.lut0.OFX
Info:    routing  0.44  10.09 Net $techmap1661887$abc$1623241$lut$aiger1623240$96578.A[2] (11,3) -> (11,2)
Info:                          Sink $abc$1623241$lut$aiger1623240$96571.D
Info:                          Defined in:
Info:                               /home/barry/oss-cad-suite-install/oss-cad-suite/lib/../share/yosys/lattice/cells_map_trellis.v:108.23-108.24
Info:      logic  0.24  10.33 Source $abc$1623241$lut$aiger1623240$96571.F
Info:    routing  0.04  10.37 Net $techmap1661890$abc$1623241$lut$aiger1623240$96576.A[3] (11,2) -> (11,2)
Info:                          Sink $abc$1623241$lut$aiger1623240$96576.D
Info:                          Defined in:
Info:                               /home/barry/oss-cad-suite-install/oss-cad-suite/lib/../share/yosys/lattice/cells_map_trellis.v:108.23-108.24
Info:      logic  0.24  10.60 Source $abc$1623241$lut$aiger1623240$96576.F
Info:    routing  0.67  11.28 Net $techmap1661892$auto$abc9_ops.cc:1613:reintegrate$1623256.A[2] (11,2) -> (11,4)
Info:                          Sink $auto$abc9_ops.cc:1613:reintegrate$1623256.C
Info:                          Defined in:
Info:                               /home/barry/oss-cad-suite-install/oss-cad-suite/lib/../share/yosys/lattice/cells_map_trellis.v:108.23-108.24
Info:      logic  0.24  11.51 Source $auto$abc9_ops.cc:1613:reintegrate$1623256.F
Info:    routing  0.61  12.12 Net g_sdram_enabled.g_usb_host.usb_host_i.ohci_i.back_phy.ports_0_fsm_timer_clear (11,4) -> (8,4)
Info:                          Sink $auto$ff.cc:337:slice$584710.LSR
Info:                          Defined in:
Info:                               ../thirdparty/usb_ohci/UsbOhciWishbone_Dw32_Pc1_Pf48000000.v:1089.23-1089.46
Info:      setup  0.42  12.55 Source $auto$ff.cc:337:slice$584710.LSR
Info: 4.04 ns logic, 8.51 ns routing

Info: Critical path report for clock '$glbnet$clk' (posedge -> posedge):
Info:       type curr  total name
Info:   clk-to-q  0.52  0.52 Source $auto$ff.cc:337:slice$579115.Q
Info:    routing  2.07  2.60 Net g_tg68k_enabled.tg_cpu.u_cpu.rdindex_a[3] (86,29) -> (109,29)
Info:                          Sink $abc$1623241$lut$aiger1623240$46340.A
Info:      logic  0.24  2.84 Source $abc$1623241$lut$aiger1623240$46340.F
Info:    routing  1.87  4.71 Net $abc$1623241$lut$aiger1623240$46720.A[3] (109,29) -> (97,23)
Info:                          Sink $abc$1623241$lut$aiger1623240$47181.C
Info:                          Defined in:
Info:                               /home/barry/oss-cad-suite-install/oss-cad-suite/lib/../share/yosys/lattice/cells_map_trellis.v:108.23-108.24
Info:      logic  0.24  4.95 Source $abc$1623241$lut$aiger1623240$47181.F
Info:    routing  0.61  5.56 Net $techmap1636805$abc$1623241$lut$aiger1623240$47193.A[3] (97,23) -> (97,23)
Info:                          Sink $abc$1623241$lut$aiger1623240$47193.D
Info:                          Defined in:
Info:                               /home/barry/oss-cad-suite-install/oss-cad-suite/lib/../share/yosys/lattice/cells_map_trellis.v:108.23-108.24
Info:      logic  0.24  5.80 Source $abc$1623241$lut$aiger1623240$47193.F
Info:    routing  0.21  6.01 Net $techmap1636806$auto$abc9_ops.cc:1613:reintegrate$1623979.A[3] (97,23) -> (97,23)
Info:                          Sink $auto$abc9_ops.cc:1613:reintegrate$1623979.D
Info:                          Defined in:
Info:                               /home/barry/oss-cad-suite-install/oss-cad-suite/lib/../share/yosys/lattice/cells_map_trellis.v:108.23-108.24
Info:      logic  0.24  6.24 Source $auto$abc9_ops.cc:1613:reintegrate$1623979.F
Info:    routing  0.24  6.49 Net g_tg68k_enabled.tg_cpu.u_cpu.debug_reg_qa[0] (97,23) -> (97,23)
Info:                          Sink $abc$1623241$lut$aiger1623240$47210.D
Info:                          Defined in:
Info:                               /home/barry/oss-cad-suite-install/oss-cad-suite/lib/../share/yosys/mul2dsp.v:148.7-152.6
Info:                               /home/barry/oss-cad-suite-install/oss-cad-suite/lib/../share/yosys/mul2dsp.v:61.22-61.23
Info:      logic  0.24  6.72 Source $abc$1623241$lut$aiger1623240$47210.F
Info:    routing  2.46  9.19 Net $abc$1623241$aiger1623240$47210 (97,23) -> (96,49)
Info:                          Sink $auto$alumacc.cc:512:replace_alu$515231.slice[0].ccu2c_i$CCU2_COMB0.A
Info:      logic  0.24  9.42 Source $auto$alumacc.cc:512:replace_alu$515231.slice[0].ccu2c_i$CCU2_COMB0.F
Info:    routing  4.11  13.53 Net g_tg68k_enabled.tg_cpu.tg_logical_addr[0] (96,49) -> (68,18)
Info:                          Sink $abc$1623241$lut$aiger1623240$48658.D
Info:                          Defined in:
Info:                               /home/barry/oss-cad-suite-install/oss-cad-suite/lib/../share/yosys/lattice/cells_map_trellis.v:108.23-108.24
Info:      logic  0.24  13.76 Source $abc$1623241$lut$aiger1623240$48658.F
Info:    routing  1.60  15.37 Net $abc$1623241$lut$aiger1623240$102918.A[1] (68,18) -> (80,13)
Info:                          Sink $abc$1623241$lut$aiger1623240$48660.D
Info:                          Defined in:
Info:                               /home/barry/oss-cad-suite-install/oss-cad-suite/lib/../share/yosys/lattice/cells_map_trellis.v:108.23-108.24
Info:      logic  0.24  15.60 Source $abc$1623241$lut$aiger1623240$48660.F
Info:    routing  0.51  16.12 Net $techmap1635744$abc$1623241$lut$aiger1623240$48662.A[1] (80,13) -> (81,12)
Info:                          Sink $abc$1623241$lut$aiger1623240$48662.D
Info:                          Defined in:
Info:                               /home/barry/oss-cad-suite-install/oss-cad-suite/lib/../share/yosys/lattice/cells_map_trellis.v:108.23-108.24
Info:      logic  0.24  16.35 Source $abc$1623241$lut$aiger1623240$48662.F
Info:    routing  0.71  17.06 Net $techmap1635745$abc$1623241$lut$aiger1623240$49571.A[3] (81,12) -> (81,11)
Info:                          Sink $abc$1623241$lut$aiger1623240$48670.D
Info:                          Defined in:
Info:                               /home/barry/oss-cad-suite-install/oss-cad-suite/lib/../share/yosys/lattice/cells_map_trellis.v:108.23-108.24
Info:      logic  0.24  17.29 Source $abc$1623241$lut$aiger1623240$48670.F
Info:    routing  1.00  18.30 Net $techmap1635763$abc$1623241$lut$aiger1623240$48672.A[2] (81,11) -> (80,8)
Info:                          Sink $abc$1623241$lut$aiger1623240$48672.D
Info:                          Defined in:
Info:                               /home/barry/oss-cad-suite-install/oss-cad-suite/lib/../share/yosys/lattice/cells_map_trellis.v:108.23-108.24
Info:      logic  0.24  18.53 Source $abc$1623241$lut$aiger1623240$48672.F
Info:    routing  0.62  19.16 Net $techmap1635764$abc$1623241$lut$aiger1623240$48681.A[2] (80,8) -> (80,8)
Info:                          Sink $abc$1623241$lut$aiger1623240$48681.D
Info:                          Defined in:
Info:                               /home/barry/oss-cad-suite-install/oss-cad-suite/lib/../share/yosys/lattice/cells_map_trellis.v:108.23-108.24
Info:      logic  0.24  19.39 Source $abc$1623241$lut$aiger1623240$48681.F
Info:    routing  1.66  21.06 Net $techmap1635765$abc$1623241$lut$aiger1623240$48682.A[1] (80,8) -> (69,12)
Info:                          Sink $abc$1623241$lut$aiger1623240$48682.D
Info:                          Defined in:
Info:                               /home/barry/oss-cad-suite-install/oss-cad-suite/lib/../share/yosys/lattice/cells_map_trellis.v:108.23-108.24
Info:      logic  0.24  21.29 Source $abc$1623241$lut$aiger1623240$48682.F
Info:    routing  0.25  21.55 Net $techmap1635766$auto$abc9_ops.cc:1613:reintegrate$1627790.A[2] (69,12) -> (69,12)
Info:                          Sink $auto$abc9_ops.cc:1613:reintegrate$1627641.D
Info:                          Defined in:
Info:                               /home/barry/oss-cad-suite-install/oss-cad-suite/lib/../share/yosys/lattice/cells_map_trellis.v:108.23-108.24
Info:      logic  0.24  21.78 Source $auto$abc9_ops.cc:1613:reintegrate$1627641.F
Info:    routing  1.48  23.26 Net $abc$1623241$aiger1623240$49224b (69,12) -> (65,16)
Info:                          Sink $auto$alumacc.cc:512:replace_alu$515153.slice[12].ccu2c_i$CCU2_COMB1.A
Info:      logic  0.45  23.71 Source $auto$alumacc.cc:512:replace_alu$515153.slice[12].ccu2c_i$CCU2_COMB1.FCO
Info:    routing  0.00  23.71 Net $techmap1632115$auto$alumacc.cc:512:replace_alu$515153.slice[12].ccu2c_i.COUT (65,16) -> (66,16)
Info:                          Sink $auto$alumacc.cc:512:replace_alu$515153.slice[14].ccu2c_i$CCU2_COMB0.FCI
Info:                          Defined in:
Info:                               /home/barry/oss-cad-suite-install/oss-cad-suite/lib/../share/yosys/lattice/arith_map_ccu2c.v:74.7-80.4
Info:                               /home/barry/oss-cad-suite-install/oss-cad-suite/lib/../share/yosys/lattice/ccu2c_sim.vh:9.9-9.13
Info:      logic  0.07  23.78 Source $auto$alumacc.cc:512:replace_alu$515153.slice[14].ccu2c_i$CCU2_COMB0.FCO
Info:    routing  0.00  23.78 Net $auto$alumacc.cc:512:replace_alu$515153.slice[14].ccu2c_i$CCU2_FCI_INT (66,16) -> (66,16)
Info:                          Sink $auto$alumacc.cc:512:replace_alu$515153.slice[14].ccu2c_i$CCU2_COMB1.FCI
Info:      logic  0.07  23.85 Source $auto$alumacc.cc:512:replace_alu$515153.slice[14].ccu2c_i$CCU2_COMB1.FCO
Info:    routing  0.00  23.85 Net $techmap1632116$auto$alumacc.cc:512:replace_alu$515153.slice[14].ccu2c_i.COUT (66,16) -> (66,16)
Info:                          Sink $auto$alumacc.cc:512:replace_alu$515153.slice[16].ccu2c_i$CCU2_COMB0.FCI
Info:                          Defined in:
Info:                               /home/barry/oss-cad-suite-install/oss-cad-suite/lib/../share/yosys/lattice/arith_map_ccu2c.v:74.7-80.4
Info:                               /home/barry/oss-cad-suite-install/oss-cad-suite/lib/../share/yosys/lattice/ccu2c_sim.vh:9.9-9.13
Info:      logic  0.07  23.92 Source $auto$alumacc.cc:512:replace_alu$515153.slice[16].ccu2c_i$CCU2_COMB0.FCO
Info:    routing  0.00  23.92 Net $auto$alumacc.cc:512:replace_alu$515153.slice[16].ccu2c_i$CCU2_FCI_INT (66,16) -> (66,16)
Info:                          Sink $auto$alumacc.cc:512:replace_alu$515153.slice[16].ccu2c_i$CCU2_COMB1.FCI
Info:      logic  0.44  24.37 Source $auto$alumacc.cc:512:replace_alu$515153.slice[16].ccu2c_i$CCU2_COMB1.F
Info:    routing  0.74  25.10 Net $abc$1623241$lut$aiger1623240$56328.A[4] (66,16) -> (67,17)
Info:                          Sink $abc$1623241$lut$aiger1623240$50168.D
Info:                          Defined in:
Info:                               /home/barry/oss-cad-suite-install/oss-cad-suite/lib/../share/yosys/lattice/cells_map_trellis.v:108.23-108.24
Info:      logic  0.24  25.34 Source $abc$1623241$lut$aiger1623240$50168.F
Info:    routing  1.96  27.30 Net $techmap1636855$abc$1623241$lut$aiger1623240$50201.A[2] (67,17) -> (71,35)
Info:                          Sink $abc$1623241$lut$aiger1623240$50201.D
Info:                          Defined in:
Info:                               /home/barry/oss-cad-suite-install/oss-cad-suite/lib/../share/yosys/lattice/cells_map_trellis.v:108.23-108.24
Info:      logic  0.24  27.53 Source $abc$1623241$lut$aiger1623240$50201.F
Info:    routing  0.04  27.57 Net $techmap1645240$auto$abc9_ops.cc:1613:reintegrate$1623956.A[0] (71,35) -> (71,35)
Info:                          Sink $abc$1623241$lut$aiger1623240$50206.D
Info:                          Defined in:
Info:                               /home/barry/oss-cad-suite-install/oss-cad-suite/lib/../share/yosys/lattice/cells_map_trellis.v:108.23-108.24
Info:      logic  0.24  27.81 Source $abc$1623241$lut$aiger1623240$50206.F
Info:    routing  0.43  28.24 Net $techmap1636857$abc$1623241$lut$aiger1623240$86632.A[2] (71,35) -> (71,35)
Info:                          Sink $abc$1623241$lut$aiger1623240$50220.C
Info:                          Defined in:
Info:                               /home/barry/oss-cad-suite-install/oss-cad-suite/lib/../share/yosys/lattice/cells_map_trellis.v:108.23-108.24
Info:      logic  0.24  28.48 Source $abc$1623241$lut$aiger1623240$50220.F
Info:    routing  2.03  30.50 Net $abc$1623241$lut$aiger1623240$50229.A[4] (71,35) -> (61,45)
Info:                          Sink $abc$1623241$lut$aiger1623240$50229.genblk1.genblk1.genblk1.genblk1.genblk1.lut0.M
Info:                          Defined in:
Info:                               /home/barry/oss-cad-suite-install/oss-cad-suite/lib/../share/yosys/lattice/cells_map_trellis.v:108.23-108.24
Info:      logic  0.26  30.76 Source $abc$1623241$lut$aiger1623240$50229.genblk1.genblk1.genblk1.genblk1.genblk1.lut0.OFX
Info:    routing  0.69  31.45 Net $techmap1643189$abc$1623241$lut$aiger1623240$55868.A[1] (61,45) -> (61,47)
Info:                          Sink $abc$1623241$lut$aiger1623240$50230.C
Info:                          Defined in:
Info:                               /home/barry/oss-cad-suite-install/oss-cad-suite/lib/../share/yosys/lattice/cells_map_trellis.v:108.23-108.24
Info:      logic  0.24  31.68 Source $abc$1623241$lut$aiger1623240$50230.F
Info:    routing  0.80  32.49 Net $techmap1643387$abc$1623241$lut$aiger1623240$50662.A[2] (61,47) -> (67,47)
Info:                          Sink $abc$1623241$lut$aiger1623240$50682.D
Info:                          Defined in:
Info:                               /home/barry/oss-cad-suite-install/oss-cad-suite/lib/../share/yosys/lattice/cells_map_trellis.v:108.23-108.24
Info:      logic  0.24  32.72 Source $abc$1623241$lut$aiger1623240$50682.F
Info:    routing  0.48  33.20 Net $techmap1647000$abc$1623241$lut$aiger1623240$95760.A[1] (67,47) -> (67,47)
Info:                          Sink $abc$1623241$lut$flatten\g_tg68k_enabled.tg_cpu.$auto$ghdl.cc:848:import_module$285.D
Info:                          Defined in:
Info:                               /home/barry/oss-cad-suite-install/oss-cad-suite/lib/../share/yosys/lattice/cells_map_trellis.v:108.23-108.24
Info:      logic  0.24  33.43 Source $abc$1623241$lut$flatten\g_tg68k_enabled.tg_cpu.$auto$ghdl.cc:848:import_module$285.F
Info:    routing  0.94  34.38 Net $abc$1623241$lut\g_tg68k_enabled.tg_cpu.u_cpu.data_in[5].A[4] (67,47) -> (61,43)
Info:                          Sink $abc$1623241$lut$aiger1623240$50687.D
Info:                          Defined in:
Info:                               /home/barry/oss-cad-suite-install/oss-cad-suite/lib/../share/yosys/lattice/cells_map_trellis.v:108.23-108.24
Info:      logic  0.24  34.61 Source $abc$1623241$lut$aiger1623240$50687.F
Info:    routing  0.22  34.84 Net $techmap1644795$abc$1623241$lut\g_tg68k_enabled.tg_cpu.u_cpu.clkena_in.A[3] (61,43) -> (61,43)
Info:                          Sink $abc$1623241$lut\g_tg68k_enabled.tg_cpu.u_cpu.clkena_in.D
Info:                          Defined in:
Info:                               /home/barry/oss-cad-suite-install/oss-cad-suite/lib/../share/yosys/lattice/cells_map_trellis.v:108.23-108.24
Info:      logic  0.24  35.07 Source $abc$1623241$lut\g_tg68k_enabled.tg_cpu.u_cpu.clkena_in.F
Info:    routing  2.84  37.92 Net g_tg68k_enabled.tg_cpu.clkena (61,43) -> (97,32)
Info:                          Sink $abc$1623241$lut\g_tg68k_enabled.tg_cpu.u_cpu.clkena_lw.D
Info:                          Defined in:
Info:                               /home/barry/oss-cad-suite-install/oss-cad-suite/lib/../share/yosys/lattice/cells_map_trellis.v:108.23-108.24
Info:      logic  0.24  38.15 Source $abc$1623241$lut\g_tg68k_enabled.tg_cpu.u_cpu.clkena_lw.F
Info:    routing  2.51  40.66 Net g_tg68k_enabled.tg_cpu.u_cpu.clkena_lw (97,32) -> (66,37)
Info:                          Sink $abc$1623241$lut$aiger1623240$53631.D
Info:                          Defined in:
Info:                               /home/barry/oss-cad-suite-install/oss-cad-suite/lib/../share/yosys/lattice/cells_map_trellis.v:108.23-108.24
Info:      logic  0.24  40.89 Source $abc$1623241$lut$aiger1623240$53631.F
Info:    routing  0.49  41.39 Net $techmap1644989$abc$1623241$lut$aiger1623240$53838.A[3] (66,37) -> (66,38)
Info:                          Sink $abc$1623241$lut$aiger1623240$53838.D
Info:                          Defined in:
Info:                               /home/barry/oss-cad-suite-install/oss-cad-suite/lib/../share/yosys/lattice/cells_map_trellis.v:108.23-108.24
Info:      logic  0.24  41.62 Source $abc$1623241$lut$aiger1623240$53838.F
Info:    routing  0.66  42.28 Net $abc$1623241$lut$aiger1623240$54169.A[4] (66,38) -> (68,38)
Info:                          Sink $abc$1623241$lut$aiger1623240$54169.genblk1.genblk1.genblk1.genblk1.genblk1.lut0.M
Info:                          Defined in:
Info:                               /home/barry/oss-cad-suite-install/oss-cad-suite/lib/../share/yosys/lattice/cells_map_trellis.v:108.23-108.24
Info:      logic  0.26  42.54 Source $abc$1623241$lut$aiger1623240$54169.genblk1.genblk1.genblk1.genblk1.genblk1.lut0.OFX
Info:    routing  0.44  42.98 Net $techmap1644990$abc$1623241$lut$aiger1623240$54197.A[3] (68,38) -> (68,37)
Info:                          Sink $abc$1623241$lut$aiger1623240$54197.D
Info:                          Defined in:
Info:                               /home/barry/oss-cad-suite-install/oss-cad-suite/lib/../share/yosys/lattice/cells_map_trellis.v:108.23-108.24
Info:      logic  0.24  43.21 Source $abc$1623241$lut$aiger1623240$54197.F
Info:    routing  0.78  43.99 Net $techmap1644996$abc$1623241$lut$aiger1623240$54219.A[3] (68,37) -> (72,36)
Info:                          Sink $abc$1623241$lut$aiger1623240$54219.D
Info:                          Defined in:
Info:                               /home/barry/oss-cad-suite-install/oss-cad-suite/lib/../share/yosys/lattice/cells_map_trellis.v:108.23-108.24
Info:      logic  0.24  44.23 Source $abc$1623241$lut$aiger1623240$54219.F
Info:    routing  0.42  44.64 Net $techmap1645004$auto$abc9_ops.cc:1613:reintegrate$1623951.A[2] (72,36) -> (72,36)
Info:                          Sink $auto$abc9_ops.cc:1613:reintegrate$1623951.D
Info:                          Defined in:
Info:                               /home/barry/oss-cad-suite-install/oss-cad-suite/lib/../share/yosys/lattice/cells_map_trellis.v:108.23-108.24
Info:      logic  0.24  44.88 Source $auto$abc9_ops.cc:1613:reintegrate$1623951.F
Info:    routing  0.46  45.34 Net g_tg68k_enabled.tg_cpu.u_cpu.debug_next_micro_state[3] (72,36) -> (71,36)
Info:                          Sink $abc$1623241$lut$aiger1623240$70048.D
Info:                          Defined in:
Info:                               /home/barry/oss-cad-suite-install/oss-cad-suite/lib/../share/yosys/techmap.v:583.21-583.22
Info:      logic  0.24  45.57 Source $abc$1623241$lut$aiger1623240$70048.F
Info:    routing  0.68  46.26 Net $techmap1648779$abc$1623241$lut$aiger1623240$70051.A[3] (71,36) -> (71,37)
Info:                          Sink $abc$1623241$lut$aiger1623240$70051.D
Info:                          Defined in:
Info:                               /home/barry/oss-cad-suite-install/oss-cad-suite/lib/../share/yosys/lattice/cells_map_trellis.v:108.23-108.24
Info:      logic  0.24  46.49 Source $abc$1623241$lut$aiger1623240$70051.F
Info:    routing  0.46  46.95 Net $techmap1648780$abc$1623241$lut$aiger1623240$70052.A[1] (71,37) -> (72,37)
Info:                          Sink $abc$1623241$lut$aiger1623240$70052.D
Info:                          Defined in:
Info:                               /home/barry/oss-cad-suite-install/oss-cad-suite/lib/../share/yosys/lattice/cells_map_trellis.v:108.23-108.24
Info:      logic  0.24  47.18 Source $abc$1623241$lut$aiger1623240$70052.F
Info:    routing  2.18  49.37 Net $techmap1648781$abc$1623241$lut$aiger1623240$91601.A[2] (72,37) -> (96,41)
Info:                          Sink $abc$1623241$lut$aiger1623240$77460.D
Info:                          Defined in:
Info:                               /home/barry/oss-cad-suite-install/oss-cad-suite/lib/../share/yosys/lattice/cells_map_trellis.v:108.23-108.24
Info:      logic  0.24  49.60 Source $abc$1623241$lut$aiger1623240$77460.F
Info:    routing  0.28  49.88 Net $abc$1623241$lut$aiger1623240$77465.A[4] (96,41) -> (96,42)
Info:                          Sink $abc$1623241$lut$aiger1623240$77478.genblk1.genblk1.genblk1.genblk1.genblk1.lut0.M
Info:                          Defined in:
Info:                               /home/barry/oss-cad-suite-install/oss-cad-suite/lib/../share/yosys/lattice/cells_map_trellis.v:108.23-108.24
Info:      logic  0.26  50.14 Source $abc$1623241$lut$aiger1623240$77478.genblk1.genblk1.genblk1.genblk1.genblk1.lut0.OFX
Info:    routing  0.41  50.55 Net $techmap1648789$abc$1623241$lut$aiger1623240$77482.A[3] (96,42) -> (97,42)
Info:                          Sink $abc$1623241$lut$aiger1623240$77482.D
Info:                          Defined in:
Info:                               /home/barry/oss-cad-suite-install/oss-cad-suite/lib/../share/yosys/lattice/cells_map_trellis.v:108.23-108.24
Info:      logic  0.24  50.79 Source $abc$1623241$lut$aiger1623240$77482.F
Info:    routing  0.64  51.43 Net $techmap1648791$abc$1623241$lut$aiger1623240$79061.A[1] (97,42) -> (97,42)
Info:                          Sink $abc$1623241$lut$aiger1623240$79061.D
Info:                          Defined in:
Info:                               /home/barry/oss-cad-suite-install/oss-cad-suite/lib/../share/yosys/lattice/cells_map_trellis.v:108.23-108.24
Info:      logic  0.24  51.66 Source $abc$1623241$lut$aiger1623240$79061.F
Info:    routing  0.84  52.51 Net $abc$1623241$lut$aiger1623240$79326.A[3] (97,42) -> (100,42)
Info:                          Sink $abc$1623241$lut$aiger1623240$91654.D
Info:                          Defined in:
Info:                               /home/barry/oss-cad-suite-install/oss-cad-suite/lib/../share/yosys/lattice/cells_map_trellis.v:108.23-108.24
Info:      logic  0.24  52.74 Source $abc$1623241$lut$aiger1623240$91654.F
Info:    routing  0.79  53.53 Net $techmap1648797$abc$1623241$lut$aiger1623240$91655.A[1] (100,42) -> (100,38)
Info:                          Sink $abc$1623241$lut$aiger1623240$91655.D
Info:                          Defined in:
Info:                               /home/barry/oss-cad-suite-install/oss-cad-suite/lib/../share/yosys/lattice/cells_map_trellis.v:108.23-108.24
Info:      logic  0.24  53.77 Source $abc$1623241$lut$aiger1623240$91655.F
Info:    routing  0.77  54.54 Net $abc$1623241$lut$aiger1623240$171529.A[3] (100,38) -> (102,39)
Info:                          Sink $abc$1623241$lut$aiger1623240$186910.D
Info:                          Defined in:
Info:                               /home/barry/oss-cad-suite-install/oss-cad-suite/lib/../share/yosys/lattice/cells_map_trellis.v:108.23-108.24
Info:      logic  0.24  54.77 Source $abc$1623241$lut$aiger1623240$186910.F
Info:    routing  0.42  55.19 Net $techmap1658789$abc$1623241$lut$aiger1623240$186914.A[3] (102,39) -> (102,39)
Info:                          Sink $abc$1623241$lut$aiger1623240$186914.D
Info:                          Defined in:
Info:                               /home/barry/oss-cad-suite-install/oss-cad-suite/lib/../share/yosys/lattice/cells_map_trellis.v:108.23-108.24
Info:      logic  0.24  55.43 Source $abc$1623241$lut$aiger1623240$186914.F
Info:    routing  0.59  56.02 Net $techmap1658791$abc$1623241$lut$aiger1623240$186920.A[3] (102,39) -> (102,39)
Info:                          Sink $abc$1623241$lut$aiger1623240$186920.D
Info:                          Defined in:
Info:                               /home/barry/oss-cad-suite-install/oss-cad-suite/lib/../share/yosys/lattice/cells_map_trellis.v:108.23-108.24
Info:      logic  0.24  56.26 Source $abc$1623241$lut$aiger1623240$186920.F
Info:    routing  1.01  57.27 Net $techmap1658802$abc$1623241$lut$aiger1623240$186966.A[3] (102,39) -> (103,33)
Info:                          Sink $abc$1623241$lut$aiger1623240$187982.D
Info:                          Defined in:
Info:                               /home/barry/oss-cad-suite-install/oss-cad-suite/lib/../share/yosys/lattice/cells_map_trellis.v:108.23-108.24
Info:      logic  0.24  57.51 Source $abc$1623241$lut$aiger1623240$187982.F
Info:    routing  0.42  57.93 Net $techmap1666875$abc$1623241$lut$aiger1623240$187986.A[3] (103,33) -> (103,33)
Info:                          Sink $abc$1623241$lut$aiger1623240$187986.D
Info:                          Defined in:
Info:                               /home/barry/oss-cad-suite-install/oss-cad-suite/lib/../share/yosys/lattice/cells_map_trellis.v:108.23-108.24
Info:      logic  0.24  58.17 Source $abc$1623241$lut$aiger1623240$187986.F
Info:    routing  0.04  58.21 Net $techmap1666885$abc$1623241$lut$aiger1623240$188003.A[2] (103,33) -> (103,33)
Info:                          Sink $abc$1623241$lut$aiger1623240$188003.D
Info:                          Defined in:
Info:                               /home/barry/oss-cad-suite-install/oss-cad-suite/lib/../share/yosys/lattice/cells_map_trellis.v:108.23-108.24
Info:      logic  0.24  58.44 Source $abc$1623241$lut$aiger1623240$188003.F
Info:    routing  0.42  58.86 Net $techmap1666886$abc$1623241$lut$aiger1623240$188007.A[3] (103,33) -> (103,33)
Info:                          Sink $abc$1623241$lut$aiger1623240$188007.D
Info:                          Defined in:
Info:                               /home/barry/oss-cad-suite-install/oss-cad-suite/lib/../share/yosys/lattice/cells_map_trellis.v:108.23-108.24
Info:      logic  0.24  59.10 Source $abc$1623241$lut$aiger1623240$188007.F
Info:    routing  0.67  59.76 Net $abc$1623241$lut$aiger1623240$188016.A[4] (103,33) -> (104,33)
Info:                          Sink $abc$1623241$lut$aiger1623240$188016.genblk1.genblk1.genblk1.genblk1.genblk1.lut0.M
Info:                          Defined in:
Info:                               /home/barry/oss-cad-suite-install/oss-cad-suite/lib/../share/yosys/lattice/cells_map_trellis.v:108.23-108.24
Info:      logic  0.26  60.02 Source $abc$1623241$lut$aiger1623240$188016.genblk1.genblk1.genblk1.genblk1.genblk1.lut0.OFX
Info:    routing  1.85  61.87 Net $abc$1623241$lut$aiger1623240$188021.A[4] (104,33) -> (106,18)
Info:                          Sink $abc$1623241$lut$aiger1623240$188021.genblk1.genblk1.genblk1.genblk1.genblk1.lut0.M
Info:                          Defined in:
Info:                               /home/barry/oss-cad-suite-install/oss-cad-suite/lib/../share/yosys/lattice/cells_map_trellis.v:108.23-108.24
Info:      logic  0.26  62.12 Source $abc$1623241$lut$aiger1623240$188021.genblk1.genblk1.genblk1.genblk1.genblk1.lut0.OFX
Info:    routing  1.38  63.51 Net $techmap1666897$abc$1623241$lut$aiger1623240$188025.A[3] (106,18) -> (106,33)
Info:                          Sink $abc$1623241$lut$aiger1623240$188025.D
Info:                          Defined in:
Info:                               /home/barry/oss-cad-suite-install/oss-cad-suite/lib/../share/yosys/lattice/cells_map_trellis.v:108.23-108.24
Info:      logic  0.24  63.74 Source $abc$1623241$lut$aiger1623240$188025.F
Info:    routing  0.42  64.16 Net $abc$1623241$lut$aiger1623240$188034.A[4] (106,33) -> (106,33)
Info:                          Sink $abc$1623241$lut$aiger1623240$188034.genblk1.genblk1.genblk1.genblk1.genblk1.lut0.M
Info:                          Defined in:
Info:                               /home/barry/oss-cad-suite-install/oss-cad-suite/lib/../share/yosys/lattice/cells_map_trellis.v:108.23-108.24
Info:      logic  0.26  64.42 Source $abc$1623241$lut$aiger1623240$188034.genblk1.genblk1.genblk1.genblk1.genblk1.lut0.OFX
Info:    routing  0.41  64.83 Net $techmap1666908$abc$1623241$lut$aiger1623240$188040.A[2] (106,33) -> (105,33)
Info:                          Sink $abc$1623241$lut$aiger1623240$188040.D
Info:                          Defined in:
Info:                               /home/barry/oss-cad-suite-install/oss-cad-suite/lib/../share/yosys/lattice/cells_map_trellis.v:108.23-108.24
Info:      logic  0.24  65.07 Source $abc$1623241$lut$aiger1623240$188040.F
Info:    routing  0.72  65.78 Net $abc$1623241$lut$flatten\g_tg68k_enabled.tg_cpu.\u_cpu.$auto$ghdl.cc:848:import_module$1413[26].A[4] (105,33) -> (105,32)
Info:                          Sink $abc$1623241$lut$flatten\g_tg68k_enabled.tg_cpu.\u_cpu.$auto$ghdl.cc:848:import_module$1413[26].genblk1.genblk1.genblk1.genblk1.genblk1.lut0.M
Info:                          Defined in:
Info:                               /home/barry/oss-cad-suite-install/oss-cad-suite/lib/../share/yosys/lattice/cells_map_trellis.v:108.23-108.24
Info:      logic  0.26  66.04 Source $abc$1623241$lut$flatten\g_tg68k_enabled.tg_cpu.\u_cpu.$auto$ghdl.cc:848:import_module$1413[26].genblk1.genblk1.genblk1.genblk1.genblk1.lut0.OFX
Info:    routing  0.37  66.41 Net $abc$1623241$flatten\g_tg68k_enabled.tg_cpu.\u_cpu.$auto$ghdl.cc:848:import_module$1413[26] (105,32) -> (105,32)
Info:                          Sink $auto$ff.cc:337:slice$579169.M
Info:      setup  0.00  66.41 Source $auto$ff.cc:337:slice$579169.M
Info: 14.28 ns logic, 52.13 ns routing

Info: Critical path report for clock '$glbnet$sdram_domain_clk' (posedge -> posedge):
Info:       type curr  total name
Info:   clk-to-q  0.52  0.52 Source $auto$ff.cc:337:slice$530488.Q
Info:    routing  1.32  1.85 Net g_sdram_enabled.astraea_i.blitter_i.validate_add_b_mem[2] (54,67) -> (54,66)
Info:                          Sink $auto$alumacc.cc:512:replace_alu$515285.slice[2].ccu2c_i$CCU2_COMB0.B
Info:                          Defined in:
Info:                               ../astraea_blitter.sv:590.16-590.34
Info:      logic  0.45  2.30 Source $auto$alumacc.cc:512:replace_alu$515285.slice[2].ccu2c_i$CCU2_COMB0.FCO
Info:    routing  0.00  2.30 Net $auto$alumacc.cc:512:replace_alu$515285.slice[2].ccu2c_i$CCU2_FCI_INT (54,66) -> (54,66)
Info:                          Sink $auto$alumacc.cc:512:replace_alu$515285.slice[2].ccu2c_i$CCU2_COMB1.FCI
Info:      logic  0.07  2.37 Source $auto$alumacc.cc:512:replace_alu$515285.slice[2].ccu2c_i$CCU2_COMB1.FCO
Info:    routing  0.00  2.37 Net $techmap1632587$auto$alumacc.cc:512:replace_alu$515285.slice[2].ccu2c_i.COUT (54,66) -> (54,66)
Info:                          Sink $auto$alumacc.cc:512:replace_alu$515285.slice[4].ccu2c_i$CCU2_COMB0.FCI
Info:                          Defined in:
Info:                               ../astraea_blitter.sv:618.32-618.71
Info:                               /home/barry/oss-cad-suite-install/oss-cad-suite/lib/../share/yosys/lattice/arith_map_ccu2c.v:74.7-80.4
Info:                               /home/barry/oss-cad-suite-install/oss-cad-suite/lib/../share/yosys/lattice/ccu2c_sim.vh:9.9-9.13
Info:      logic  0.07  2.44 Source $auto$alumacc.cc:512:replace_alu$515285.slice[4].ccu2c_i$CCU2_COMB0.FCO
Info:    routing  0.00  2.44 Net $auto$alumacc.cc:512:replace_alu$515285.slice[4].ccu2c_i$CCU2_FCI_INT (54,66) -> (54,66)
Info:                          Sink $auto$alumacc.cc:512:replace_alu$515285.slice[4].ccu2c_i$CCU2_COMB1.FCI
Info:      logic  0.07  2.51 Source $auto$alumacc.cc:512:replace_alu$515285.slice[4].ccu2c_i$CCU2_COMB1.FCO
Info:    routing  0.00  2.51 Net $techmap1632588$auto$alumacc.cc:512:replace_alu$515285.slice[4].ccu2c_i.COUT (54,66) -> (55,66)
Info:                          Sink $auto$alumacc.cc:512:replace_alu$515285.slice[6].ccu2c_i$CCU2_COMB0.FCI
Info:                          Defined in:
Info:                               ../astraea_blitter.sv:618.32-618.71
Info:                               /home/barry/oss-cad-suite-install/oss-cad-suite/lib/../share/yosys/lattice/arith_map_ccu2c.v:74.7-80.4
Info:                               /home/barry/oss-cad-suite-install/oss-cad-suite/lib/../share/yosys/lattice/ccu2c_sim.vh:9.9-9.13
Info:      logic  0.07  2.58 Source $auto$alumacc.cc:512:replace_alu$515285.slice[6].ccu2c_i$CCU2_COMB0.FCO
Info:    routing  0.00  2.58 Net $auto$alumacc.cc:512:replace_alu$515285.slice[6].ccu2c_i$CCU2_FCI_INT (55,66) -> (55,66)
Info:                          Sink $auto$alumacc.cc:512:replace_alu$515285.slice[6].ccu2c_i$CCU2_COMB1.FCI
Info:      logic  0.07  2.65 Source $auto$alumacc.cc:512:replace_alu$515285.slice[6].ccu2c_i$CCU2_COMB1.FCO
Info:    routing  0.00  2.65 Net $techmap1632589$auto$alumacc.cc:512:replace_alu$515285.slice[6].ccu2c_i.COUT (55,66) -> (55,66)
Info:                          Sink $auto$alumacc.cc:512:replace_alu$515285.slice[8].ccu2c_i$CCU2_COMB0.FCI
Info:                          Defined in:
Info:                               ../astraea_blitter.sv:618.32-618.71
Info:                               /home/barry/oss-cad-suite-install/oss-cad-suite/lib/../share/yosys/lattice/arith_map_ccu2c.v:74.7-80.4
Info:                               /home/barry/oss-cad-suite-install/oss-cad-suite/lib/../share/yosys/lattice/ccu2c_sim.vh:9.9-9.13
Info:      logic  0.07  2.72 Source $auto$alumacc.cc:512:replace_alu$515285.slice[8].ccu2c_i$CCU2_COMB0.FCO
Info:    routing  0.00  2.72 Net $auto$alumacc.cc:512:replace_alu$515285.slice[8].ccu2c_i$CCU2_FCI_INT (55,66) -> (55,66)
Info:                          Sink $auto$alumacc.cc:512:replace_alu$515285.slice[8].ccu2c_i$CCU2_COMB1.FCI
Info:      logic  0.07  2.79 Source $auto$alumacc.cc:512:replace_alu$515285.slice[8].ccu2c_i$CCU2_COMB1.FCO
Info:    routing  0.00  2.79 Net $techmap1632590$auto$alumacc.cc:512:replace_alu$515285.slice[8].ccu2c_i.COUT (55,66) -> (55,66)
Info:                          Sink $auto$alumacc.cc:512:replace_alu$515285.slice[10].ccu2c_i$CCU2_COMB0.FCI
Info:                          Defined in:
Info:                               ../astraea_blitter.sv:618.32-618.71
Info:                               /home/barry/oss-cad-suite-install/oss-cad-suite/lib/../share/yosys/lattice/arith_map_ccu2c.v:74.7-80.4
Info:                               /home/barry/oss-cad-suite-install/oss-cad-suite/lib/../share/yosys/lattice/ccu2c_sim.vh:9.9-9.13
Info:      logic  0.07  2.86 Source $auto$alumacc.cc:512:replace_alu$515285.slice[10].ccu2c_i$CCU2_COMB0.FCO
Info:    routing  0.00  2.86 Net $auto$alumacc.cc:512:replace_alu$515285.slice[10].ccu2c_i$CCU2_FCI_INT (55,66) -> (55,66)
Info:                          Sink $auto$alumacc.cc:512:replace_alu$515285.slice[10].ccu2c_i$CCU2_COMB1.FCI
Info:      logic  0.07  2.93 Source $auto$alumacc.cc:512:replace_alu$515285.slice[10].ccu2c_i$CCU2_COMB1.FCO
Info:    routing  0.00  2.93 Net $techmap1632591$auto$alumacc.cc:512:replace_alu$515285.slice[10].ccu2c_i.COUT (55,66) -> (55,66)
Info:                          Sink $auto$alumacc.cc:512:replace_alu$515285.slice[12].ccu2c_i$CCU2_COMB0.FCI
Info:                          Defined in:
Info:                               ../astraea_blitter.sv:618.32-618.71
Info:                               /home/barry/oss-cad-suite-install/oss-cad-suite/lib/../share/yosys/lattice/arith_map_ccu2c.v:74.7-80.4
Info:                               /home/barry/oss-cad-suite-install/oss-cad-suite/lib/../share/yosys/lattice/ccu2c_sim.vh:9.9-9.13
Info:      logic  0.07  3.01 Source $auto$alumacc.cc:512:replace_alu$515285.slice[12].ccu2c_i$CCU2_COMB0.FCO
Info:    routing  0.00  3.01 Net $auto$alumacc.cc:512:replace_alu$515285.slice[12].ccu2c_i$CCU2_FCI_INT (55,66) -> (55,66)
Info:                          Sink $auto$alumacc.cc:512:replace_alu$515285.slice[12].ccu2c_i$CCU2_COMB1.FCI
Info:      logic  0.07  3.08 Source $auto$alumacc.cc:512:replace_alu$515285.slice[12].ccu2c_i$CCU2_COMB1.FCO
Info:    routing  0.00  3.08 Net $techmap1632592$auto$alumacc.cc:512:replace_alu$515285.slice[12].ccu2c_i.COUT (55,66) -> (56,66)
Info:                          Sink $auto$alumacc.cc:512:replace_alu$515285.slice[14].ccu2c_i$CCU2_COMB0.FCI
Info:                          Defined in:
Info:                               ../astraea_blitter.sv:618.32-618.71
Info:                               /home/barry/oss-cad-suite-install/oss-cad-suite/lib/../share/yosys/lattice/arith_map_ccu2c.v:74.7-80.4
Info:                               /home/barry/oss-cad-suite-install/oss-cad-suite/lib/../share/yosys/lattice/ccu2c_sim.vh:9.9-9.13
Info:      logic  0.07  3.15 Source $auto$alumacc.cc:512:replace_alu$515285.slice[14].ccu2c_i$CCU2_COMB0.FCO
Info:    routing  0.00  3.15 Net $auto$alumacc.cc:512:replace_alu$515285.slice[14].ccu2c_i$CCU2_FCI_INT (56,66) -> (56,66)
Info:                          Sink $auto$alumacc.cc:512:replace_alu$515285.slice[14].ccu2c_i$CCU2_COMB1.FCI
Info:      logic  0.44  3.59 Source $auto$alumacc.cc:512:replace_alu$515285.slice[14].ccu2c_i$CCU2_COMB1.F
Info:    routing  1.93  5.52 Net $auto$abc9_ops.cc:1613:reintegrate$1625022.A[4] (56,66) -> (62,65)
Info:                          Sink $auto$alumacc.cc:512:replace_alu$514491.slice[14].ccu2c_i$CCU2_COMB1.A
Info:                          Defined in:
Info:                               /home/barry/oss-cad-suite-install/oss-cad-suite/lib/../share/yosys/lattice/cells_map_trellis.v:108.23-108.24
Info:      logic  0.45  5.97 Source $auto$alumacc.cc:512:replace_alu$514491.slice[14].ccu2c_i$CCU2_COMB1.FCO
Info:    routing  0.00  5.97 Net $techmap1633294$auto$alumacc.cc:512:replace_alu$514491.slice[14].ccu2c_i.COUT (62,65) -> (62,65)
Info:                          Sink $auto$alumacc.cc:512:replace_alu$514491.slice[16].ccu2c_i$CCU2_COMB0.FCI
Info:                          Defined in:
Info:                               ../astraea_blitter.sv:629.9-630.48
Info:                               /home/barry/oss-cad-suite-install/oss-cad-suite/lib/../share/yosys/lattice/arith_map_ccu2c.v:74.7-80.4
Info:                               /home/barry/oss-cad-suite-install/oss-cad-suite/lib/../share/yosys/lattice/ccu2c_sim.vh:9.9-9.13
Info:      logic  0.07  6.04 Source $auto$alumacc.cc:512:replace_alu$514491.slice[16].ccu2c_i$CCU2_COMB0.FCO
Info:    routing  0.00  6.04 Net $auto$alumacc.cc:512:replace_alu$514491.slice[16].ccu2c_i$CCU2_FCI_INT (62,65) -> (62,65)
Info:                          Sink $auto$alumacc.cc:512:replace_alu$514491.slice[16].ccu2c_i$CCU2_COMB1.FCI
Info:      logic  0.07  6.11 Source $auto$alumacc.cc:512:replace_alu$514491.slice[16].ccu2c_i$CCU2_COMB1.FCO
Info:    routing  0.00  6.11 Net $techmap1633295$auto$alumacc.cc:512:replace_alu$514491.slice[16].ccu2c_i.COUT (62,65) -> (62,65)
Info:                          Sink $auto$alumacc.cc:512:replace_alu$514491.slice[18].ccu2c_i$CCU2_COMB0.FCI
Info:                          Defined in:
Info:                               ../astraea_blitter.sv:629.9-630.48
Info:                               /home/barry/oss-cad-suite-install/oss-cad-suite/lib/../share/yosys/lattice/arith_map_ccu2c.v:74.7-80.4
Info:                               /home/barry/oss-cad-suite-install/oss-cad-suite/lib/../share/yosys/lattice/ccu2c_sim.vh:9.9-9.13
Info:      logic  0.07  6.18 Source $auto$alumacc.cc:512:replace_alu$514491.slice[18].ccu2c_i$CCU2_COMB0.FCO
Info:    routing  0.00  6.18 Net $auto$alumacc.cc:512:replace_alu$514491.slice[18].ccu2c_i$CCU2_FCI_INT (62,65) -> (62,65)
Info:                          Sink $auto$alumacc.cc:512:replace_alu$514491.slice[18].ccu2c_i$CCU2_COMB1.FCI
Info:      logic  0.07  6.25 Source $auto$alumacc.cc:512:replace_alu$514491.slice[18].ccu2c_i$CCU2_COMB1.FCO
Info:    routing  0.00  6.25 Net $techmap1633296$auto$alumacc.cc:512:replace_alu$514491.slice[18].ccu2c_i.COUT (62,65) -> (62,65)
Info:                          Sink $auto$alumacc.cc:512:replace_alu$514491.slice[20].ccu2c_i$CCU2_COMB0.FCI
Info:                          Defined in:
Info:                               ../astraea_blitter.sv:629.9-630.48
Info:                               /home/barry/oss-cad-suite-install/oss-cad-suite/lib/../share/yosys/lattice/arith_map_ccu2c.v:74.7-80.4
Info:                               /home/barry/oss-cad-suite-install/oss-cad-suite/lib/../share/yosys/lattice/ccu2c_sim.vh:9.9-9.13
Info:      logic  0.07  6.32 Source $auto$alumacc.cc:512:replace_alu$514491.slice[20].ccu2c_i$CCU2_COMB0.FCO
Info:    routing  0.00  6.32 Net $auto$alumacc.cc:512:replace_alu$514491.slice[20].ccu2c_i$CCU2_FCI_INT (62,65) -> (62,65)
Info:                          Sink $auto$alumacc.cc:512:replace_alu$514491.slice[20].ccu2c_i$CCU2_COMB1.FCI
Info:      logic  0.07  6.39 Source $auto$alumacc.cc:512:replace_alu$514491.slice[20].ccu2c_i$CCU2_COMB1.FCO
Info:    routing  0.00  6.39 Net $techmap1633297$auto$alumacc.cc:512:replace_alu$514491.slice[20].ccu2c_i.COUT (62,65) -> (63,65)
Info:                          Sink $auto$alumacc.cc:512:replace_alu$514491.slice[22].ccu2c_i$CCU2_COMB0.FCI
Info:                          Defined in:
Info:                               ../astraea_blitter.sv:629.9-630.48
Info:                               /home/barry/oss-cad-suite-install/oss-cad-suite/lib/../share/yosys/lattice/arith_map_ccu2c.v:74.7-80.4
Info:                               /home/barry/oss-cad-suite-install/oss-cad-suite/lib/../share/yosys/lattice/ccu2c_sim.vh:9.9-9.13
Info:      logic  0.07  6.46 Source $auto$alumacc.cc:512:replace_alu$514491.slice[22].ccu2c_i$CCU2_COMB0.FCO
Info:    routing  0.00  6.46 Net $auto$alumacc.cc:512:replace_alu$514491.slice[22].ccu2c_i$CCU2_FCI_INT (63,65) -> (63,65)
Info:                          Sink $auto$alumacc.cc:512:replace_alu$514491.slice[22].ccu2c_i$CCU2_COMB1.FCI
Info:      logic  0.07  6.53 Source $auto$alumacc.cc:512:replace_alu$514491.slice[22].ccu2c_i$CCU2_COMB1.FCO
Info:    routing  0.00  6.53 Net $nextpnr_CCU2C_730$CIN (63,65) -> (63,65)
Info:                          Sink $nextpnr_CCU2C_730$CCU2_COMB0.FCI
Info:      logic  0.44  6.98 Source $nextpnr_CCU2C_730$CCU2_COMB0.F
Info:    routing  1.25  8.23 Net $abc$1623241$lut$aiger1623240$84891.A[4] (63,65) -> (63,61)
Info:                          Sink $abc$1623241$lut$aiger1623240$84891.genblk1.genblk1.genblk1.genblk1.genblk1.lut0.M
Info:                          Defined in:
Info:                               /home/barry/oss-cad-suite-install/oss-cad-suite/lib/../share/yosys/lattice/cells_map_trellis.v:108.23-108.24
Info:      logic  0.26  8.48 Source $abc$1623241$lut$aiger1623240$84891.genblk1.genblk1.genblk1.genblk1.genblk1.lut0.OFX
Info:    routing  0.38  8.86 Net $techmap1653601$abc$1623241$lut$aiger1623240$84898.A[3] (63,61) -> (63,61)
Info:                          Sink $abc$1623241$lut$aiger1623240$84898.D
Info:                          Defined in:
Info:                               /home/barry/oss-cad-suite-install/oss-cad-suite/lib/../share/yosys/lattice/cells_map_trellis.v:108.23-108.24
Info:      logic  0.24  9.10 Source $abc$1623241$lut$aiger1623240$84898.F
Info:    routing  1.95  11.05 Net $techmap1653602$abc$1623241$lut$aiger1623240$84906.A[1] (63,61) -> (57,74)
Info:                          Sink $abc$1623241$lut$aiger1623240$84906.D
Info:                          Defined in:
Info:                               /home/barry/oss-cad-suite-install/oss-cad-suite/lib/../share/yosys/lattice/cells_map_trellis.v:108.23-108.24
Info:      logic  0.24  11.28 Source $abc$1623241$lut$aiger1623240$84906.F
Info:    routing  0.50  11.78 Net $techmap1653603$abc$1623241$lut$aiger1623240$84907.A[1] (57,74) -> (57,74)
Info:                          Sink $abc$1623241$lut$aiger1623240$84907.D
Info:                          Defined in:
Info:                               /home/barry/oss-cad-suite-install/oss-cad-suite/lib/../share/yosys/lattice/cells_map_trellis.v:108.23-108.24
Info:      logic  0.24  12.02 Source $abc$1623241$lut$aiger1623240$84907.F
Info:    routing  0.72  12.74 Net $auto$abc9_ops.cc:1613:reintegrate$1625902.A[4] (57,74) -> (58,73)
Info:                          Sink $abc$1623241$lut$auto$opt_dff.cc:251:make_patterns_logic$500546.genblk1.genblk1.genblk1.genblk1.genblk1.lut0.M
Info:                          Defined in:
Info:                               /home/barry/oss-cad-suite-install/oss-cad-suite/lib/../share/yosys/lattice/cells_map_trellis.v:108.23-108.24
Info:      logic  0.26  12.99 Source $abc$1623241$lut$auto$opt_dff.cc:251:make_patterns_logic$500546.genblk1.genblk1.genblk1.genblk1.genblk1.lut0.OFX
Info:    routing  1.32  14.31 Net $techmap1669958$abc$1623241$lut$auto$opt_dff.cc:251:make_patterns_logic$500522.A[3] (58,73) -> (54,80)
Info:                          Sink $abc$1623241$lut$auto$opt_dff.cc:251:make_patterns_logic$500522.D
Info:                          Defined in:
Info:                               /home/barry/oss-cad-suite-install/oss-cad-suite/lib/../share/yosys/lattice/cells_map_trellis.v:108.23-108.24
Info:      logic  0.24  14.55 Source $abc$1623241$lut$auto$opt_dff.cc:251:make_patterns_logic$500522.F
Info:    routing  0.40  14.95 Net $abc$1623241$auto$opt_dff.cc:251:make_patterns_logic$500522 (54,80) -> (54,80)
Info:                          Sink $auto$ff.cc:337:slice$571972.CE
Info:      setup  0.00  14.95 Source $auto$ff.cc:337:slice$571972.CE
Info: 5.18 ns logic, 9.77 ns routing

Info: Critical path report for cross-domain path '<async>' -> '<async>':
Info:       type curr  total name
Info:     source  0.00  0.00 Source sd_d1_pad.O
Info:    routing  0.93  0.93 Net sd_d_in[1] (0,53) -> (0,50)
Info:                          Sink sd_d0_pad.T
Info:                          Defined in:
Info:                               ../astra_soc.sv:309.17-309.24
Info: 0.00 ns logic, 0.93 ns routing

Info: Critical path report for cross-domain path '<async>' -> 'posedge $glbnet$clk':
Info:       type curr  total name
Info:     source  0.00  0.00 Source reset_n$tr_io.O
Info:    routing  6.32  6.32 Net reset_n$TRELLIS_IO_IN (6,0) -> (5,92)
Info:                          Sink $abc$1623241$lut$not$aiger1623240$28660.D
Info:                          Defined in:
Info:                               ../astra_soc.sv:34.23-34.30
Info:      logic  0.24  6.56 Source $abc$1623241$lut$not$aiger1623240$28660.F
Info:    routing  0.91  7.47 Net $abc$1623241$auto$rtlil.cc:3492:NotGate$902151 (5,92) -> (2,93)
Info:                          Sink $auto$ff.cc:337:slice$589786.LSR
Info:      setup  0.42  7.90 Source $auto$ff.cc:337:slice$589786.LSR
Info: 0.66 ns logic, 7.24 ns routing

Info: Critical path report for cross-domain path '<async>' -> 'posedge $glbnet$clk25_mhz$TRELLIS_IO_IN':
Info:       type curr  total name
Info:     source  0.00  0.00 Source reset_n$tr_io.O
Info:    routing  6.72  6.72 Net reset_n$TRELLIS_IO_IN (6,0) -> (40,65)
Info:                          Sink $auto$abc9_ops.cc:1613:reintegrate$1627135.B
Info:                          Defined in:
Info:                               ../astra_soc.sv:34.23-34.30
Info:      logic  0.24  6.95 Source $auto$abc9_ops.cc:1613:reintegrate$1627135.F
Info:    routing  0.37  7.32 Net $abc$1623241$logic_or$../astra_soc.sv:486$117447_Y (40,65) -> (40,65)
Info:                          Sink g_sdram_enabled.usb_ctrl_reset_i.$auto$ff.cc:337:slice$883876.LSR
Info:                          Defined in:
Info:                               ../astra_soc.sv:2592.17-2592.29
Info:      setup  0.42  7.75 Source g_sdram_enabled.usb_ctrl_reset_i.$auto$ff.cc:337:slice$883876.LSR
Info: 0.66 ns logic, 7.09 ns routing

Info: Critical path report for cross-domain path '<async>' -> 'posedge $glbnet$sd_clk_in':
Info:       type curr  total name
Info:     source  0.00  0.00 Source sd_d1_pad.O
Info:    routing  2.75  2.75 Net sd_d_in[1] (0,53) -> (3,84)
Info:                          Sink $abc$1623241$lut\g_sdram_enabled.g_astra_host.host_spi_i.rx_fifo.push.B
Info:                          Defined in:
Info:                               ../astra_soc.sv:309.17-309.24
Info:      logic  0.24  2.98 Source $abc$1623241$lut\g_sdram_enabled.g_astra_host.host_spi_i.rx_fifo.push.F
Info:    routing  1.06  4.05 Net g_sdram_enabled.g_astra_host.host_spi_i.rx_fifo.push (3,84) -> (3,85)
Info:                          Sink $auto$alumacc.cc:512:replace_alu$516102.slice[0].ccu2c_i$CCU2_COMB0.A
Info:                          Defined in:
Info:                               ../astra_host_async_byte_fifo.sv:51.10-51.14
Info:      logic  0.45  4.49 Source $auto$alumacc.cc:512:replace_alu$516102.slice[0].ccu2c_i$CCU2_COMB0.FCO
Info:    routing  0.00  4.49 Net $auto$alumacc.cc:512:replace_alu$516102.slice[0].ccu2c_i$CCU2_FCI_INT (3,85) -> (3,85)
Info:                          Sink $auto$alumacc.cc:512:replace_alu$516102.slice[0].ccu2c_i$CCU2_COMB1.FCI
Info:      logic  0.44  4.93 Source $auto$alumacc.cc:512:replace_alu$516102.slice[0].ccu2c_i$CCU2_COMB1.F
Info:    routing  0.87  5.81 Net g_sdram_enabled.g_astra_host.host_spi_i.rx_fifo.wr_bin_next[1] (3,85) -> (4,86)
Info:                          Sink $auto$abc9_ops.cc:1613:reintegrate$1623638.D
Info:                          Defined in:
Info:                               ../astra_host_async_byte_fifo.sv:52.25-52.36
Info:      logic  0.24  6.04 Source $auto$abc9_ops.cc:1613:reintegrate$1623638.F
Info:    routing  0.46  6.50 Net g_sdram_enabled.g_astra_host.host_spi_i.rx_fifo.wr_gray_next[0] (4,86) -> (3,86)
Info:                          Sink $abc$1623241$lut$aiger1623240$95703.C
Info:                          Defined in:
Info:                               ../astra_host_async_byte_fifo.sv:53.25-53.37
Info:      logic  0.24  6.74 Source $abc$1623241$lut$aiger1623240$95703.F
Info:    routing  0.79  7.53 Net $abc$1623241$lut$aiger1623240$95717.A[4] (3,86) -> (2,85)
Info:                          Sink $abc$1623241$lut$aiger1623240$95717.genblk1.genblk1.genblk1.genblk1.genblk1.lut0.M
Info:                          Defined in:
Info:                               /home/barry/oss-cad-suite-install/oss-cad-suite/lib/../share/yosys/lattice/cells_map_trellis.v:108.23-108.24
Info:      logic  0.26  7.78 Source $abc$1623241$lut$aiger1623240$95717.genblk1.genblk1.genblk1.genblk1.genblk1.lut0.OFX
Info:    routing  0.75  8.53 Net $abc$1623241$lut$aiger1623240$95731.A[4] (2,85) -> (4,84)
Info:                          Sink $abc$1623241$lut$aiger1623240$95731.genblk1.genblk1.genblk1.genblk1.genblk1.lut0.M
Info:                          Defined in:
Info:                               /home/barry/oss-cad-suite-install/oss-cad-suite/lib/../share/yosys/lattice/cells_map_trellis.v:108.23-108.24
Info:      logic  0.26  8.78 Source $abc$1623241$lut$aiger1623240$95731.genblk1.genblk1.genblk1.genblk1.genblk1.lut0.OFX
Info:    routing  0.63  9.41 Net $abc$1623241$lut$aiger1623240$95745.A[4] (4,84) -> (5,84)
Info:                          Sink $abc$1623241$lut$aiger1623240$95745.genblk1.genblk1.genblk1.genblk1.genblk1.lut0.M
Info:                          Defined in:
Info:                               /home/barry/oss-cad-suite-install/oss-cad-suite/lib/../share/yosys/lattice/cells_map_trellis.v:108.23-108.24
Info:      logic  0.26  9.67 Source $abc$1623241$lut$aiger1623240$95745.genblk1.genblk1.genblk1.genblk1.genblk1.lut0.OFX
Info:    routing  0.62  10.28 Net $abc$1623241$lut\g_sdram_enabled.g_astra_host.host_spi_i.rx_fifo.wr_full_next.A[4] (5,84) -> (4,84)
Info:                          Sink $abc$1623241$lut\g_sdram_enabled.g_astra_host.host_spi_i.rx_fifo.wr_full_next.genblk1.genblk1.genblk1.genblk1.genblk1.lut0.M
Info:                          Defined in:
Info:                               /home/barry/oss-cad-suite-install/oss-cad-suite/lib/../share/yosys/lattice/cells_map_trellis.v:108.23-108.24
Info:      logic  0.26  10.54 Source $abc$1623241$lut\g_sdram_enabled.g_astra_host.host_spi_i.rx_fifo.wr_full_next.genblk1.genblk1.genblk1.genblk1.genblk1.lut0.OFX
Info:    routing  0.37  10.91 Net g_sdram_enabled.g_astra_host.host_spi_i.rx_fifo.wr_full_next (4,84) -> (4,84)
Info:                          Sink $auto$ff.cc:337:slice$728940.M
Info:                          Defined in:
Info:                               ../astra_host_async_byte_fifo.sv:54.10-54.22
Info:      setup  0.00  10.91 Source $auto$ff.cc:337:slice$728940.M
Info: 2.62 ns logic, 8.29 ns routing

Info: Critical path report for cross-domain path '<async>' -> 'posedge $glbnet$sdram_domain_clk':
Info:       type curr  total name
Info:     source  0.00  0.00 Source reset_n$tr_io.O
Info:    routing  9.54  9.54 Net reset_n$TRELLIS_IO_IN (6,0) -> (59,92)
Info:                          Sink $auto$ff.cc:337:slice$623524.M
Info:                          Defined in:
Info:                               ../astra_soc.sv:34.23-34.30
Info:      setup  0.00  9.54 Source $auto$ff.cc:337:slice$623524.M
Info: 0.00 ns logic, 9.54 ns routing

Info: Critical path report for cross-domain path '<async>' -> 'posedge $glbnet$usb_phy_domain_clk':
Info:       type curr  total name
Info:     source  0.00  0.00 Source reset_n$tr_io.O
Info:    routing  6.72  6.72 Net reset_n$TRELLIS_IO_IN (6,0) -> (40,65)
Info:                          Sink $auto$abc9_ops.cc:1613:reintegrate$1627135.B
Info:                          Defined in:
Info:                               ../astra_soc.sv:34.23-34.30
Info:      logic  0.24  6.95 Source $auto$abc9_ops.cc:1613:reintegrate$1627135.F
Info:    routing  1.28  8.24 Net $abc$1623241$logic_or$../astra_soc.sv:486$117447_Y (40,65) -> (42,51)
Info:                          Sink g_sdram_enabled.usb_phy_reset_i.$auto$ff.cc:337:slice$883876.LSR
Info:                          Defined in:
Info:                               ../astra_soc.sv:2592.17-2592.29
Info:      setup  0.42  8.66 Source g_sdram_enabled.usb_phy_reset_i.$auto$ff.cc:337:slice$883876.LSR
Info: 0.66 ns logic, 8.00 ns routing

Info: Critical path report for cross-domain path '<async>' -> 'posedge $glbnet$video_pixel_clk':
Info:       type curr  total name
Info:     source  0.00  0.00 Source reset_n$tr_io.O
Info:    routing  2.00  2.00 Net reset_n$TRELLIS_IO_IN (6,0) -> (12,8)
Info:                          Sink $auto$abc9_ops.cc:1613:reintegrate$1623700.C
Info:                          Defined in:
Info:                               ../astra_soc.sv:34.23-34.30
Info:      logic  0.24  2.23 Source $auto$abc9_ops.cc:1613:reintegrate$1623700.F
Info:    routing  0.58  2.82 Net $abc$1623241$logic_or$../astra_soc.sv:1956$117540_Y (12,8) -> (15,8)
Info:                          Sink $auto$ff.cc:337:slice$592083.LSR
Info:      setup  0.42  3.24 Source $auto$ff.cc:337:slice$592083.LSR
Info: 0.66 ns logic, 2.58 ns routing

Info: Critical path report for cross-domain path 'posedge $glbnet$clk' -> '<async>':
Info:       type curr  total name
Info:   clk-to-q  0.52  0.52 Source $auto$ff.cc:337:slice$579115.Q
Info:    routing  2.07  2.60 Net g_tg68k_enabled.tg_cpu.u_cpu.rdindex_a[3] (86,29) -> (109,29)
Info:                          Sink $abc$1623241$lut$aiger1623240$46340.A
Info:      logic  0.24  2.84 Source $abc$1623241$lut$aiger1623240$46340.F
Info:    routing  1.87  4.71 Net $abc$1623241$lut$aiger1623240$46720.A[3] (109,29) -> (97,23)
Info:                          Sink $abc$1623241$lut$aiger1623240$47181.C
Info:                          Defined in:
Info:                               /home/barry/oss-cad-suite-install/oss-cad-suite/lib/../share/yosys/lattice/cells_map_trellis.v:108.23-108.24
Info:      logic  0.24  4.95 Source $abc$1623241$lut$aiger1623240$47181.F
Info:    routing  0.61  5.56 Net $techmap1636805$abc$1623241$lut$aiger1623240$47193.A[3] (97,23) -> (97,23)
Info:                          Sink $abc$1623241$lut$aiger1623240$47193.D
Info:                          Defined in:
Info:                               /home/barry/oss-cad-suite-install/oss-cad-suite/lib/../share/yosys/lattice/cells_map_trellis.v:108.23-108.24
Info:      logic  0.24  5.80 Source $abc$1623241$lut$aiger1623240$47193.F
Info:    routing  0.21  6.01 Net $techmap1636806$auto$abc9_ops.cc:1613:reintegrate$1623979.A[3] (97,23) -> (97,23)
Info:                          Sink $auto$abc9_ops.cc:1613:reintegrate$1623979.D
Info:                          Defined in:
Info:                               /home/barry/oss-cad-suite-install/oss-cad-suite/lib/../share/yosys/lattice/cells_map_trellis.v:108.23-108.24
Info:      logic  0.24  6.24 Source $auto$abc9_ops.cc:1613:reintegrate$1623979.F
Info:    routing  0.24  6.49 Net g_tg68k_enabled.tg_cpu.u_cpu.debug_reg_qa[0] (97,23) -> (97,23)
Info:                          Sink $abc$1623241$lut$aiger1623240$47210.D
Info:                          Defined in:
Info:                               /home/barry/oss-cad-suite-install/oss-cad-suite/lib/../share/yosys/mul2dsp.v:148.7-152.6
Info:                               /home/barry/oss-cad-suite-install/oss-cad-suite/lib/../share/yosys/mul2dsp.v:61.22-61.23
Info:      logic  0.24  6.72 Source $abc$1623241$lut$aiger1623240$47210.F
Info:    routing  2.46  9.19 Net $abc$1623241$aiger1623240$47210 (97,23) -> (96,49)
Info:                          Sink $auto$alumacc.cc:512:replace_alu$515231.slice[0].ccu2c_i$CCU2_COMB0.A
Info:      logic  0.24  9.42 Source $auto$alumacc.cc:512:replace_alu$515231.slice[0].ccu2c_i$CCU2_COMB0.F
Info:    routing  4.11  13.53 Net g_tg68k_enabled.tg_cpu.tg_logical_addr[0] (96,49) -> (68,18)
Info:                          Sink $abc$1623241$lut$aiger1623240$48658.D
Info:                          Defined in:
Info:                               /home/barry/oss-cad-suite-install/oss-cad-suite/lib/../share/yosys/lattice/cells_map_trellis.v:108.23-108.24
Info:      logic  0.24  13.76 Source $abc$1623241$lut$aiger1623240$48658.F
Info:    routing  1.60  15.37 Net $abc$1623241$lut$aiger1623240$102918.A[1] (68,18) -> (80,13)
Info:                          Sink $abc$1623241$lut$aiger1623240$48660.D
Info:                          Defined in:
Info:                               /home/barry/oss-cad-suite-install/oss-cad-suite/lib/../share/yosys/lattice/cells_map_trellis.v:108.23-108.24
Info:      logic  0.24  15.60 Source $abc$1623241$lut$aiger1623240$48660.F
Info:    routing  0.51  16.12 Net $techmap1635744$abc$1623241$lut$aiger1623240$48662.A[1] (80,13) -> (81,12)
Info:                          Sink $abc$1623241$lut$aiger1623240$48662.D
Info:                          Defined in:
Info:                               /home/barry/oss-cad-suite-install/oss-cad-suite/lib/../share/yosys/lattice/cells_map_trellis.v:108.23-108.24
Info:      logic  0.24  16.35 Source $abc$1623241$lut$aiger1623240$48662.F
Info:    routing  0.71  17.06 Net $techmap1635745$abc$1623241$lut$aiger1623240$49571.A[3] (81,12) -> (81,11)
Info:                          Sink $abc$1623241$lut$aiger1623240$48670.D
Info:                          Defined in:
Info:                               /home/barry/oss-cad-suite-install/oss-cad-suite/lib/../share/yosys/lattice/cells_map_trellis.v:108.23-108.24
Info:      logic  0.24  17.29 Source $abc$1623241$lut$aiger1623240$48670.F
Info:    routing  1.00  18.30 Net $techmap1635763$abc$1623241$lut$aiger1623240$48672.A[2] (81,11) -> (80,8)
Info:                          Sink $abc$1623241$lut$aiger1623240$48672.D
Info:                          Defined in:
Info:                               /home/barry/oss-cad-suite-install/oss-cad-suite/lib/../share/yosys/lattice/cells_map_trellis.v:108.23-108.24
Info:      logic  0.24  18.53 Source $abc$1623241$lut$aiger1623240$48672.F
Info:    routing  0.62  19.16 Net $techmap1635764$abc$1623241$lut$aiger1623240$48681.A[2] (80,8) -> (80,8)
Info:                          Sink $abc$1623241$lut$aiger1623240$48681.D
Info:                          Defined in:
Info:                               /home/barry/oss-cad-suite-install/oss-cad-suite/lib/../share/yosys/lattice/cells_map_trellis.v:108.23-108.24
Info:      logic  0.24  19.39 Source $abc$1623241$lut$aiger1623240$48681.F
Info:    routing  1.66  21.06 Net $techmap1635765$abc$1623241$lut$aiger1623240$48682.A[1] (80,8) -> (69,12)
Info:                          Sink $abc$1623241$lut$aiger1623240$48682.D
Info:                          Defined in:
Info:                               /home/barry/oss-cad-suite-install/oss-cad-suite/lib/../share/yosys/lattice/cells_map_trellis.v:108.23-108.24
Info:      logic  0.24  21.29 Source $abc$1623241$lut$aiger1623240$48682.F
Info:    routing  0.25  21.55 Net $techmap1635766$auto$abc9_ops.cc:1613:reintegrate$1627790.A[2] (69,12) -> (69,12)
Info:                          Sink $auto$abc9_ops.cc:1613:reintegrate$1627641.D
Info:                          Defined in:
Info:                               /home/barry/oss-cad-suite-install/oss-cad-suite/lib/../share/yosys/lattice/cells_map_trellis.v:108.23-108.24
Info:      logic  0.24  21.78 Source $auto$abc9_ops.cc:1613:reintegrate$1627641.F
Info:    routing  1.48  23.26 Net $abc$1623241$aiger1623240$49224b (69,12) -> (65,16)
Info:                          Sink $auto$alumacc.cc:512:replace_alu$515153.slice[12].ccu2c_i$CCU2_COMB1.A
Info:      logic  0.45  23.71 Source $auto$alumacc.cc:512:replace_alu$515153.slice[12].ccu2c_i$CCU2_COMB1.FCO
Info:    routing  0.00  23.71 Net $techmap1632115$auto$alumacc.cc:512:replace_alu$515153.slice[12].ccu2c_i.COUT (65,16) -> (66,16)
Info:                          Sink $auto$alumacc.cc:512:replace_alu$515153.slice[14].ccu2c_i$CCU2_COMB0.FCI
Info:                          Defined in:
Info:                               /home/barry/oss-cad-suite-install/oss-cad-suite/lib/../share/yosys/lattice/arith_map_ccu2c.v:74.7-80.4
Info:                               /home/barry/oss-cad-suite-install/oss-cad-suite/lib/../share/yosys/lattice/ccu2c_sim.vh:9.9-9.13
Info:      logic  0.07  23.78 Source $auto$alumacc.cc:512:replace_alu$515153.slice[14].ccu2c_i$CCU2_COMB0.FCO
Info:    routing  0.00  23.78 Net $auto$alumacc.cc:512:replace_alu$515153.slice[14].ccu2c_i$CCU2_FCI_INT (66,16) -> (66,16)
Info:                          Sink $auto$alumacc.cc:512:replace_alu$515153.slice[14].ccu2c_i$CCU2_COMB1.FCI
Info:      logic  0.07  23.85 Source $auto$alumacc.cc:512:replace_alu$515153.slice[14].ccu2c_i$CCU2_COMB1.FCO
Info:    routing  0.00  23.85 Net $techmap1632116$auto$alumacc.cc:512:replace_alu$515153.slice[14].ccu2c_i.COUT (66,16) -> (66,16)
Info:                          Sink $auto$alumacc.cc:512:replace_alu$515153.slice[16].ccu2c_i$CCU2_COMB0.FCI
Info:                          Defined in:
Info:                               /home/barry/oss-cad-suite-install/oss-cad-suite/lib/../share/yosys/lattice/arith_map_ccu2c.v:74.7-80.4
Info:                               /home/barry/oss-cad-suite-install/oss-cad-suite/lib/../share/yosys/lattice/ccu2c_sim.vh:9.9-9.13
Info:      logic  0.07  23.92 Source $auto$alumacc.cc:512:replace_alu$515153.slice[16].ccu2c_i$CCU2_COMB0.FCO
Info:    routing  0.00  23.92 Net $auto$alumacc.cc:512:replace_alu$515153.slice[16].ccu2c_i$CCU2_FCI_INT (66,16) -> (66,16)
Info:                          Sink $auto$alumacc.cc:512:replace_alu$515153.slice[16].ccu2c_i$CCU2_COMB1.FCI
Info:      logic  0.44  24.37 Source $auto$alumacc.cc:512:replace_alu$515153.slice[16].ccu2c_i$CCU2_COMB1.F
Info:    routing  0.74  25.10 Net $abc$1623241$lut$aiger1623240$56328.A[4] (66,16) -> (67,17)
Info:                          Sink $abc$1623241$lut$aiger1623240$50168.D
Info:                          Defined in:
Info:                               /home/barry/oss-cad-suite-install/oss-cad-suite/lib/../share/yosys/lattice/cells_map_trellis.v:108.23-108.24
Info:      logic  0.24  25.34 Source $abc$1623241$lut$aiger1623240$50168.F
Info:    routing  1.96  27.30 Net $techmap1636855$abc$1623241$lut$aiger1623240$50201.A[2] (67,17) -> (71,35)
Info:                          Sink $abc$1623241$lut$aiger1623240$50201.D
Info:                          Defined in:
Info:                               /home/barry/oss-cad-suite-install/oss-cad-suite/lib/../share/yosys/lattice/cells_map_trellis.v:108.23-108.24
Info:      logic  0.24  27.53 Source $abc$1623241$lut$aiger1623240$50201.F
Info:    routing  0.04  27.57 Net $techmap1645240$auto$abc9_ops.cc:1613:reintegrate$1623956.A[0] (71,35) -> (71,35)
Info:                          Sink $abc$1623241$lut$aiger1623240$50206.D
Info:                          Defined in:
Info:                               /home/barry/oss-cad-suite-install/oss-cad-suite/lib/../share/yosys/lattice/cells_map_trellis.v:108.23-108.24
Info:      logic  0.24  27.81 Source $abc$1623241$lut$aiger1623240$50206.F
Info:    routing  0.43  28.24 Net $techmap1636857$abc$1623241$lut$aiger1623240$86632.A[2] (71,35) -> (71,35)
Info:                          Sink $abc$1623241$lut$aiger1623240$50220.C
Info:                          Defined in:
Info:                               /home/barry/oss-cad-suite-install/oss-cad-suite/lib/../share/yosys/lattice/cells_map_trellis.v:108.23-108.24
Info:      logic  0.24  28.48 Source $abc$1623241$lut$aiger1623240$50220.F
Info:    routing  2.03  30.50 Net $abc$1623241$lut$aiger1623240$50229.A[4] (71,35) -> (61,45)
Info:                          Sink $abc$1623241$lut$aiger1623240$50229.genblk1.genblk1.genblk1.genblk1.genblk1.lut0.M
Info:                          Defined in:
Info:                               /home/barry/oss-cad-suite-install/oss-cad-suite/lib/../share/yosys/lattice/cells_map_trellis.v:108.23-108.24
Info:      logic  0.26  30.76 Source $abc$1623241$lut$aiger1623240$50229.genblk1.genblk1.genblk1.genblk1.genblk1.lut0.OFX
Info:    routing  0.92  31.68 Net $techmap1643189$abc$1623241$lut$aiger1623240$55868.A[1] (61,45) -> (61,48)
Info:                          Sink $abc$1623241$lut$aiger1623240$55868.D
Info:                          Defined in:
Info:                               /home/barry/oss-cad-suite-install/oss-cad-suite/lib/../share/yosys/lattice/cells_map_trellis.v:108.23-108.24
Info:      logic  0.24  31.92 Source $abc$1623241$lut$aiger1623240$55868.F
Info:    routing  0.22  32.14 Net $techmap1643190$abc$1623241$lut$aiger1623240$55997.A[2] (61,48) -> (61,48)
Info:                          Sink $abc$1623241$lut$aiger1623240$55997.D
Info:                          Defined in:
Info:                               /home/barry/oss-cad-suite-install/oss-cad-suite/lib/../share/yosys/lattice/cells_map_trellis.v:108.23-108.24
Info:      logic  0.24  32.38 Source $abc$1623241$lut$aiger1623240$55997.F
Info:    routing  1.43  33.81 Net $techmap1643191$abc$1623241$lut$aiger1623240$55998.A[1] (61,48) -> (58,37)
Info:                          Sink $abc$1623241$lut$aiger1623240$55998.D
Info:                          Defined in:
Info:                               /home/barry/oss-cad-suite-install/oss-cad-suite/lib/../share/yosys/lattice/cells_map_trellis.v:108.23-108.24
Info:      logic  0.24  34.05 Source $abc$1623241$lut$aiger1623240$55998.F
Info:    routing  1.36  35.40 Net $techmap1643192$auto$abc9_ops.cc:1613:reintegrate$1623928.A[3] (58,37) -> (43,38)
Info:                          Sink $auto$abc9_ops.cc:1613:reintegrate$1623928.D
Info:                          Defined in:
Info:                               /home/barry/oss-cad-suite-install/oss-cad-suite/lib/../share/yosys/lattice/cells_map_trellis.v:108.23-108.24
Info:      logic  0.24  35.64 Source $auto$abc9_ops.cc:1613:reintegrate$1623928.F
Info:    routing  1.93  37.57 Net cpu_adr[1] (43,38) -> (14,38)
Info:                          Sink $abc$1623241$lut\leds[1].genblk1.genblk1.genblk1.genblk1.genblk1.lut0.M
Info:                          Defined in:
Info:                               ../vesta_irq_timer.sv:22.24-22.34
Info:      logic  0.26  37.83 Source $abc$1623241$lut\leds[1].genblk1.genblk1.genblk1.genblk1.genblk1.lut0.OFX
Info:    routing  2.21  40.04 Net leds[1]$TRELLIS_IO_OUT (14,38) -> (0,35)
Info:                          Sink leds[1]$tr_io.I
Info:                          Defined in:
Info:                               ../astra_soc.sv:39.23-39.27
Info: 7.33 ns logic, 32.71 ns routing

Info: Critical path report for cross-domain path 'posedge $glbnet$clk' -> 'posedge $glbnet$clk25_mhz$TRELLIS_IO_IN':
Info:       type curr  total name
Info:   clk-to-q  0.52  0.52 Source $auto$ff.cc:337:slice$585465.Q
Info:    routing  1.30  1.83 Net g_sdram_enabled.g_usb_host.usb_host_i.ctrl_cdc_i.request_addr_cpu[3] (53,28) -> (54,20)
Info:                          Sink $auto$ff.cc:337:slice$585346.M
Info:                          Defined in:
Info:                               ../usb_ohci_ctrl_cdc.sv:34.26-34.42
Info:      setup  0.00  1.83 Source $auto$ff.cc:337:slice$585346.M
Info: 0.52 ns logic, 1.30 ns routing

Info: Critical path report for cross-domain path 'posedge $glbnet$clk' -> 'posedge $glbnet$sdram_domain_clk':
Info:       type curr  total name
Info:   clk-to-q  0.52  0.52 Source $auto$ff.cc:337:slice$573626.Q
Info:    routing  4.26  4.79 Net g_sdram_enabled.cpu_sdram_bridge.addr_cpu[5] (46,66) -> (98,74)
Info:                          Sink $auto$alumacc.cc:512:replace_alu$515744.slice[2].ccu2c_i$CCU2_COMB1.B
Info:                          Defined in:
Info:                               ../sdram32_cpu_bridge.sv:82.15-82.29
Info:      logic  0.45  5.23 Source $auto$alumacc.cc:512:replace_alu$515744.slice[2].ccu2c_i$CCU2_COMB1.FCO
Info:    routing  0.00  5.23 Net $techmap1631609$auto$alumacc.cc:512:replace_alu$515744.slice[2].ccu2c_i.COUT (98,74) -> (98,74)
Info:                          Sink $auto$alumacc.cc:512:replace_alu$515744.slice[4].ccu2c_i$CCU2_COMB0.FCI
Info:                          Defined in:
Info:                               ../sdram32_cpu_bridge.sv:109.23-109.64
Info:                               /home/barry/oss-cad-suite-install/oss-cad-suite/lib/../share/yosys/lattice/arith_map_ccu2c.v:74.7-80.4
Info:                               /home/barry/oss-cad-suite-install/oss-cad-suite/lib/../share/yosys/lattice/ccu2c_sim.vh:9.9-9.13
Info:      logic  0.07  5.30 Source $auto$alumacc.cc:512:replace_alu$515744.slice[4].ccu2c_i$CCU2_COMB0.FCO
Info:    routing  0.00  5.30 Net $auto$alumacc.cc:512:replace_alu$515744.slice[4].ccu2c_i$CCU2_FCI_INT (98,74) -> (98,74)
Info:                          Sink $auto$alumacc.cc:512:replace_alu$515744.slice[4].ccu2c_i$CCU2_COMB1.FCI
Info:      logic  0.07  5.38 Source $auto$alumacc.cc:512:replace_alu$515744.slice[4].ccu2c_i$CCU2_COMB1.FCO
Info:    routing  0.00  5.38 Net $techmap1631610$auto$alumacc.cc:512:replace_alu$515744.slice[4].ccu2c_i.COUT (98,74) -> (99,74)
Info:                          Sink $auto$alumacc.cc:512:replace_alu$515744.slice[6].ccu2c_i$CCU2_COMB0.FCI
Info:                          Defined in:
Info:                               ../sdram32_cpu_bridge.sv:109.23-109.64
Info:                               /home/barry/oss-cad-suite-install/oss-cad-suite/lib/../share/yosys/lattice/arith_map_ccu2c.v:74.7-80.4
Info:                               /home/barry/oss-cad-suite-install/oss-cad-suite/lib/../share/yosys/lattice/ccu2c_sim.vh:9.9-9.13
Info:      logic  0.07  5.45 Source $auto$alumacc.cc:512:replace_alu$515744.slice[6].ccu2c_i$CCU2_COMB0.FCO
Info:    routing  0.00  5.45 Net $auto$alumacc.cc:512:replace_alu$515744.slice[6].ccu2c_i$CCU2_FCI_INT (99,74) -> (99,74)
Info:                          Sink $auto$alumacc.cc:512:replace_alu$515744.slice[6].ccu2c_i$CCU2_COMB1.FCI
Info:      logic  0.07  5.52 Source $auto$alumacc.cc:512:replace_alu$515744.slice[6].ccu2c_i$CCU2_COMB1.FCO
Info:    routing  0.00  5.52 Net $techmap1631611$auto$alumacc.cc:512:replace_alu$515744.slice[6].ccu2c_i.COUT (99,74) -> (99,74)
Info:                          Sink $auto$alumacc.cc:512:replace_alu$515744.slice[8].ccu2c_i$CCU2_COMB0.FCI
Info:                          Defined in:
Info:                               ../sdram32_cpu_bridge.sv:109.23-109.64
Info:                               /home/barry/oss-cad-suite-install/oss-cad-suite/lib/../share/yosys/lattice/arith_map_ccu2c.v:74.7-80.4
Info:                               /home/barry/oss-cad-suite-install/oss-cad-suite/lib/../share/yosys/lattice/ccu2c_sim.vh:9.9-9.13
Info:      logic  0.07  5.59 Source $auto$alumacc.cc:512:replace_alu$515744.slice[8].ccu2c_i$CCU2_COMB0.FCO
Info:    routing  0.00  5.59 Net $auto$alumacc.cc:512:replace_alu$515744.slice[8].ccu2c_i$CCU2_FCI_INT (99,74) -> (99,74)
Info:                          Sink $auto$alumacc.cc:512:replace_alu$515744.slice[8].ccu2c_i$CCU2_COMB1.FCI
Info:      logic  0.07  5.66 Source $auto$alumacc.cc:512:replace_alu$515744.slice[8].ccu2c_i$CCU2_COMB1.FCO
Info:    routing  0.00  5.66 Net $techmap1631612$auto$alumacc.cc:512:replace_alu$515744.slice[8].ccu2c_i.COUT (99,74) -> (99,74)
Info:                          Sink $auto$alumacc.cc:512:replace_alu$515744.slice[10].ccu2c_i$CCU2_COMB0.FCI
Info:                          Defined in:
Info:                               ../sdram32_cpu_bridge.sv:109.23-109.64
Info:                               /home/barry/oss-cad-suite-install/oss-cad-suite/lib/../share/yosys/lattice/arith_map_ccu2c.v:74.7-80.4
Info:                               /home/barry/oss-cad-suite-install/oss-cad-suite/lib/../share/yosys/lattice/ccu2c_sim.vh:9.9-9.13
Info:      logic  0.07  5.73 Source $auto$alumacc.cc:512:replace_alu$515744.slice[10].ccu2c_i$CCU2_COMB0.FCO
Info:    routing  0.00  5.73 Net $auto$alumacc.cc:512:replace_alu$515744.slice[10].ccu2c_i$CCU2_FCI_INT (99,74) -> (99,74)
Info:                          Sink $auto$alumacc.cc:512:replace_alu$515744.slice[10].ccu2c_i$CCU2_COMB1.FCI
Info:      logic  0.07  5.80 Source $auto$alumacc.cc:512:replace_alu$515744.slice[10].ccu2c_i$CCU2_COMB1.FCO
Info:    routing  0.00  5.80 Net $techmap1631613$auto$alumacc.cc:512:replace_alu$515744.slice[10].ccu2c_i.COUT (99,74) -> (99,74)
Info:                          Sink $auto$alumacc.cc:512:replace_alu$515744.slice[12].ccu2c_i$CCU2_COMB0.FCI
Info:                          Defined in:
Info:                               ../sdram32_cpu_bridge.sv:109.23-109.64
Info:                               /home/barry/oss-cad-suite-install/oss-cad-suite/lib/../share/yosys/lattice/arith_map_ccu2c.v:74.7-80.4
Info:                               /home/barry/oss-cad-suite-install/oss-cad-suite/lib/../share/yosys/lattice/ccu2c_sim.vh:9.9-9.13
Info:      logic  0.07  5.87 Source $auto$alumacc.cc:512:replace_alu$515744.slice[12].ccu2c_i$CCU2_COMB0.FCO
Info:    routing  0.00  5.87 Net $auto$alumacc.cc:512:replace_alu$515744.slice[12].ccu2c_i$CCU2_FCI_INT (99,74) -> (99,74)
Info:                          Sink $auto$alumacc.cc:512:replace_alu$515744.slice[12].ccu2c_i$CCU2_COMB1.FCI
Info:      logic  0.07  5.94 Source $auto$alumacc.cc:512:replace_alu$515744.slice[12].ccu2c_i$CCU2_COMB1.FCO
Info:    routing  0.00  5.94 Net $techmap1631614$auto$alumacc.cc:512:replace_alu$515744.slice[12].ccu2c_i.COUT (99,74) -> (100,74)
Info:                          Sink $auto$alumacc.cc:512:replace_alu$515744.slice[14].ccu2c_i$CCU2_COMB0.FCI
Info:                          Defined in:
Info:                               ../sdram32_cpu_bridge.sv:109.23-109.64
Info:                               /home/barry/oss-cad-suite-install/oss-cad-suite/lib/../share/yosys/lattice/arith_map_ccu2c.v:74.7-80.4
Info:                               /home/barry/oss-cad-suite-install/oss-cad-suite/lib/../share/yosys/lattice/ccu2c_sim.vh:9.9-9.13
Info:      logic  0.07  6.01 Source $auto$alumacc.cc:512:replace_alu$515744.slice[14].ccu2c_i$CCU2_COMB0.FCO
Info:    routing  0.00  6.01 Net $auto$alumacc.cc:512:replace_alu$515744.slice[14].ccu2c_i$CCU2_FCI_INT (100,74) -> (100,74)
Info:                          Sink $auto$alumacc.cc:512:replace_alu$515744.slice[14].ccu2c_i$CCU2_COMB1.FCI
Info:      logic  0.07  6.09 Source $auto$alumacc.cc:512:replace_alu$515744.slice[14].ccu2c_i$CCU2_COMB1.FCO
Info:    routing  0.00  6.09 Net $techmap1631615$auto$alumacc.cc:512:replace_alu$515744.slice[14].ccu2c_i.COUT (100,74) -> (100,74)
Info:                          Sink $auto$alumacc.cc:512:replace_alu$515744.slice[16].ccu2c_i$CCU2_COMB0.FCI
Info:                          Defined in:
Info:                               ../sdram32_cpu_bridge.sv:109.23-109.64
Info:                               /home/barry/oss-cad-suite-install/oss-cad-suite/lib/../share/yosys/lattice/arith_map_ccu2c.v:74.7-80.4
Info:                               /home/barry/oss-cad-suite-install/oss-cad-suite/lib/../share/yosys/lattice/ccu2c_sim.vh:9.9-9.13
Info:      logic  0.07  6.16 Source $auto$alumacc.cc:512:replace_alu$515744.slice[16].ccu2c_i$CCU2_COMB0.FCO
Info:    routing  0.00  6.16 Net $auto$alumacc.cc:512:replace_alu$515744.slice[16].ccu2c_i$CCU2_FCI_INT (100,74) -> (100,74)
Info:                          Sink $auto$alumacc.cc:512:replace_alu$515744.slice[16].ccu2c_i$CCU2_COMB1.FCI
Info:      logic  0.07  6.23 Source $auto$alumacc.cc:512:replace_alu$515744.slice[16].ccu2c_i$CCU2_COMB1.FCO
Info:    routing  0.00  6.23 Net $techmap1631616$auto$alumacc.cc:512:replace_alu$515744.slice[16].ccu2c_i.COUT (100,74) -> (100,74)
Info:                          Sink $auto$alumacc.cc:512:replace_alu$515744.slice[18].ccu2c_i$CCU2_COMB0.FCI
Info:                          Defined in:
Info:                               ../sdram32_cpu_bridge.sv:109.23-109.64
Info:                               /home/barry/oss-cad-suite-install/oss-cad-suite/lib/../share/yosys/lattice/arith_map_ccu2c.v:74.7-80.4
Info:                               /home/barry/oss-cad-suite-install/oss-cad-suite/lib/../share/yosys/lattice/ccu2c_sim.vh:9.9-9.13
Info:      logic  0.44  6.67 Source $auto$alumacc.cc:512:replace_alu$515744.slice[18].ccu2c_i$CCU2_COMB0.F
Info:    routing  0.71  7.38 Net $techmap1657758$abc$1623241$lut$aiger1623240$176535.A[2] (100,74) -> (100,73)
Info:                          Sink $abc$1623241$lut$aiger1623240$176535.C
Info:                          Defined in:
Info:                               /home/barry/oss-cad-suite-install/oss-cad-suite/lib/../share/yosys/lattice/cells_map_trellis.v:108.23-108.24
Info:      logic  0.24  7.62 Source $abc$1623241$lut$aiger1623240$176535.F
Info:    routing  1.02  8.64 Net $techmap1657759$abc$1623241$lut\g_sdram_enabled.sdram_i.selected_addr[20].A[2] (100,73) -> (109,73)
Info:                          Sink $abc$1623241$lut\g_sdram_enabled.sdram_i.selected_addr[20].C
Info:                          Defined in:
Info:                               /home/barry/oss-cad-suite-install/oss-cad-suite/lib/../share/yosys/lattice/cells_map_trellis.v:108.23-108.24
Info:      logic  0.24  8.87 Source $abc$1623241$lut\g_sdram_enabled.sdram_i.selected_addr[20].F
Info:    routing  0.77  9.64 Net g_sdram_enabled.sdram_i.selected_addr[20] (109,73) -> (109,76)
Info:                          Sink $abc$1623241$lut$aiger1623240$177654.C
Info:                          Defined in:
Info:                               ../sdram32_controller.sv:86.17-86.30
Info:      logic  0.24  9.88 Source $abc$1623241$lut$aiger1623240$177654.F
Info:    routing  0.86  10.73 Net $techmap1657761$auto$abc9_ops.cc:1613:reintegrate$1624639.A[2] (109,76) -> (107,76)
Info:                          Sink $auto$abc9_ops.cc:1613:reintegrate$1624639.D
Info:                          Defined in:
Info:                               /home/barry/oss-cad-suite-install/oss-cad-suite/lib/../share/yosys/lattice/cells_map_trellis.v:108.23-108.24
Info:      logic  0.24  10.97 Source $auto$abc9_ops.cc:1613:reintegrate$1624639.F
Info:    routing  0.13  11.10 Net $flatten\g_sdram_enabled.sdram_i.$procmux$481844.Y[20] (107,76) -> (107,76)
Info:                          Sink $auto$ff.cc:337:slice$574718.DI
Info:                          Defined in:
Info:                               ../sdram32_controller.sv:208.20-208.20
Info:                               ../sdram32_controller.sv:182.13-219.20
Info:                               /home/barry/oss-cad-suite-install/oss-cad-suite/lib/../share/yosys/techmap.v:583.21-583.22
Info:      setup  0.00  11.10 Source $auto$ff.cc:337:slice$574718.DI
Info: 3.35 ns logic, 7.75 ns routing

Info: Critical path report for cross-domain path 'posedge $glbnet$clk' -> 'posedge $glbnet$video_pixel_clk':
Info:       type curr  total name
Info:   clk-to-q  0.52  0.52 Source $auto$ff.cc:337:slice$588488.Q
Info:    routing  0.95  1.48 Net vega_i.reg_backdrop[9] (13,20) -> (13,19)
Info:                          Sink $auto$ff.cc:337:slice$588779.M
Info:                          Defined in:
Info:                               ../vega_video.sv:141.16-141.28
Info:      setup  0.00  1.48 Source $auto$ff.cc:337:slice$588779.M
Info: 0.52 ns logic, 0.95 ns routing

Info: Critical path report for cross-domain path 'posedge $glbnet$clk25_mhz$TRELLIS_IO_IN' -> 'posedge $glbnet$clk':
Info:       type curr  total name
Info:   clk-to-q  0.52  0.52 Source $auto$ff.cc:337:slice$584080.Q
Info:    routing  1.07  1.60 Net g_sdram_enabled.g_usb_host.usb_host_i.ohci_i.front_ohci.reg_hcInterrupt_RD_enable (48,14) -> (49,13)
Info:                          Sink $abc$1623241$lut$aiger1623240$86941.C
Info:                          Defined in:
Info:                               ../thirdparty/usb_ohci/UsbOhciWishbone_Dw32_Pc1_Pf48000000.v:3276.23-3276.48
Info:      logic  0.24  1.83 Source $abc$1623241$lut$aiger1623240$86941.F
Info:    routing  0.61  2.45 Net $techmap1669287$abc$1623241$lut$aiger1623240$86943.A[0] (49,13) -> (49,13)
Info:                          Sink $abc$1623241$lut$aiger1623240$86943.B
Info:                          Defined in:
Info:                               /home/barry/oss-cad-suite-install/oss-cad-suite/lib/../share/yosys/lattice/cells_map_trellis.v:108.23-108.24
Info:      logic  0.24  2.68 Source $abc$1623241$lut$aiger1623240$86943.F
Info:    routing  0.43  3.11 Net $techmap1669288$abc$1623241$lut\g_sdram_enabled.g_usb_host.usb_host_i.interrupt_ctrl.A[2] (49,13) -> (49,13)
Info:                          Sink $abc$1623241$lut\g_sdram_enabled.g_usb_host.usb_host_i.interrupt_ctrl.D
Info:                          Defined in:
Info:                               /home/barry/oss-cad-suite-install/oss-cad-suite/lib/../share/yosys/lattice/cells_map_trellis.v:108.23-108.24
Info:      logic  0.24  3.34 Source $abc$1623241$lut\g_sdram_enabled.g_usb_host.usb_host_i.interrupt_ctrl.F
Info:    routing  0.13  3.47 Net g_sdram_enabled.g_usb_host.usb_host_i.interrupt_ctrl (49,13) -> (49,13)
Info:                          Sink $auto$ff.cc:337:slice$585517.DI
Info:                          Defined in:
Info:                               ../thirdparty/usb_ohci/UsbOhciWishbone_Dw32_Pc1_Pf48000000.v:164.23-164.35
Info:      setup  0.00  3.47 Source $auto$ff.cc:337:slice$585517.DI
Info: 1.23 ns logic, 2.24 ns routing

Info: Critical path report for cross-domain path 'posedge $glbnet$clk25_mhz$TRELLIS_IO_IN' -> 'posedge $glbnet$sdram_domain_clk':
Info:       type curr  total name
Info:   clk-to-q  0.52  0.52 Source $auto$ff.cc:337:slice$729253.Q
Info:    routing  2.59  3.12 Net g_sdram_enabled.g_usb_host.usb_host_i.dma_cyc (118,6) -> (118,39)
Info:                          Sink $auto$ff.cc:337:slice$737619.M
Info:                          Defined in:
Info:                               ../thirdparty/usb_ohci/UsbOhciWishbone_Dw32_Pc1_Pf48000000.v:146.23-146.33
Info:      setup  0.00  3.12 Source $auto$ff.cc:337:slice$737619.M
Info: 0.52 ns logic, 2.59 ns routing

Info: Critical path report for cross-domain path 'posedge $glbnet$clk25_mhz$TRELLIS_IO_IN' -> 'posedge $glbnet$usb_phy_domain_clk':
Info:       type curr  total name
Info:   clk-to-q  0.52  0.52 Source $auto$ff.cc:337:slice$735413.Q
Info:    routing  0.88  1.40 Net $techmap1646873$abc$1623241$lut$aiger1623240$70574.A[0] (117,4) -> (117,4)
Info:                          Sink $abc$1623241$lut$aiger1623240$82383.B
Info:                          Defined in:
Info:                               /home/barry/oss-cad-suite-install/oss-cad-suite/lib/../share/yosys/lattice/cells_map_trellis.v:108.23-108.24
Info:      logic  0.24  1.64 Source $abc$1623241$lut$aiger1623240$82383.F
Info:    routing  0.47  2.12 Net $techmap1649361$abc$1623241$lut$aiger1623240$82550.A[2] (117,4) -> (117,4)
Info:                          Sink $abc$1623241$lut$flatten\g_sdram_enabled.g_usb_host.usb_host_i.\ohci_i.\front_ohci.$eq$../thirdparty/usb_ohci/UsbOhciWishbone_Dw32_Pc1_Pf48000000.v:4105$28049_Y.D
Info:                          Defined in:
Info:                               /home/barry/oss-cad-suite-install/oss-cad-suite/lib/../share/yosys/lattice/cells_map_trellis.v:108.23-108.24
Info:      logic  0.24  2.35 Source $abc$1623241$lut$flatten\g_sdram_enabled.g_usb_host.usb_host_i.\ohci_i.\front_ohci.$eq$../thirdparty/usb_ohci/UsbOhciWishbone_Dw32_Pc1_Pf48000000.v:4105$28049_Y.F
Info:    routing  0.33  2.68 Net $techmap1668291$abc$1623241$lut$flatten\g_sdram_enabled.g_usb_host.usb_host_i.\ohci_i.\front_ohci.$logic_and$../thirdparty/usb_ohci/UsbOhciWishbone_Dw32_Pc1_Pf48000000.v:9612$28568_Y.A[0] (117,4) -> (116,4)
Info:                          Sink $auto$ff.cc:337:slice$582945.LSR
Info:                          Defined in:
Info:                               /home/barry/oss-cad-suite-install/oss-cad-suite/lib/../share/yosys/lattice/cells_map_trellis.v:108.23-108.24
Info:      setup  0.42  3.10 Source $auto$ff.cc:337:slice$582945.LSR
Info: 1.42 ns logic, 1.68 ns routing

Info: Critical path report for cross-domain path 'posedge $glbnet$sd_clk_in' -> 'posedge $glbnet$sdram_domain_clk':
Info:       type curr  total name
Info:   clk-to-q  0.52  0.52 Source $auto$ff.cc:337:slice$728950.Q
Info:    routing  0.76  1.29 Net g_sdram_enabled.g_astra_host.host_spi_i.rx_fifo.wr_bin[9] (4,85) -> (5,84)
Info:                          Sink $auto$ff.cc:337:slice$728980.M
Info:                          Defined in:
Info:                               ../astra_host_async_byte_fifo.sv:34.26-34.33
Info:      setup  0.00  1.29 Source $auto$ff.cc:337:slice$728980.M
Info: 0.52 ns logic, 0.76 ns routing

Info: Critical path report for cross-domain path 'posedge $glbnet$sdram_domain_clk' -> '<async>':
Info:       type curr  total name
Info:   clk-to-q  0.52  0.52 Source $auto$ff.cc:337:slice$574444.Q
Info:    routing  1.01  1.54 Net $techmap1676296$abc$1623241$lut$not$aiger1623240$43543.A (122,91) -> (124,91)
Info:                          Sink $abc$1623241$lut$not$aiger1623240$43543.D
Info:                          Defined in:
Info:                               /home/barry/oss-cad-suite-install/oss-cad-suite/lib/../share/yosys/lattice/cells_map_trellis.v:108.23-108.24
Info:      logic  0.24  1.77 Source $abc$1623241$lut$not$aiger1623240$43543.F
Info:    routing  4.83  6.61 Net g_sdram_enabled.sd_data_oe (124,91) -> (124,20)
Info:                          Sink sdram_d[0]$tr_io$invert_T.A
Info:                          Defined in:
Info:                               ../sdram32_controller.sv:52.24-52.37
Info:      logic  0.24  6.84 Source sdram_d[0]$tr_io$invert_T.F
Info:    routing  1.12  7.97 Net sdram_d[0]$tr_io$invert_T$conn$Z (124,20) -> (126,20)
Info:                          Sink sdram_d[0]$tr_io.T
Info: 1.00 ns logic, 6.97 ns routing

Info: Critical path report for cross-domain path 'posedge $glbnet$sdram_domain_clk' -> 'posedge $glbnet$clk':
Info:       type curr  total name
Info:   clk-to-q  0.52  0.52 Source $auto$ff.cc:337:slice$582595.Q
Info:    routing  1.90  2.42 Net g_sdram_enabled.g_astra_host.host_service_i.runtime_dma_active (35,80) -> (56,77)
Info:                          Sink $abc$1623241$lut$aiger1623240$70651.D
Info:                          Defined in:
Info:                               ../astra_host_service.sv:328.9-328.27
Info:      logic  0.24  2.66 Source $abc$1623241$lut$aiger1623240$70651.F
Info:    routing  2.08  4.74 Net $abc$1623241$lut$aiger1623240$120391.A[3] (56,77) -> (83,72)
Info:                          Sink $auto$abc9_ops.cc:1613:reintegrate$1623359.genblk1.genblk1.genblk1.genblk1.genblk1.lut0.M
Info:                          Defined in:
Info:                               /home/barry/oss-cad-suite-install/oss-cad-suite/lib/../share/yosys/lattice/cells_map_trellis.v:108.23-108.24
Info:      logic  0.26  5.00 Source $auto$abc9_ops.cc:1613:reintegrate$1623359.genblk1.genblk1.genblk1.genblk1.genblk1.lut0.OFX
Info:    routing  0.33  5.32 Net host_cache_flush_mem (83,72) -> (83,72)
Info:                          Sink $auto$ff.cc:337:slice$590555.M
Info:                          Defined in:
Info:                               ../astra_soc.sv:268.17-268.34
Info:      setup  0.00  5.32 Source $auto$ff.cc:337:slice$590555.M
Info: 1.02 ns logic, 4.31 ns routing

Info: Critical path report for cross-domain path 'posedge $glbnet$sdram_domain_clk' -> 'posedge $glbnet$clk25_mhz$TRELLIS_IO_IN':
Info:       type curr  total name
Info:   clk-to-q  0.52  0.52 Source $auto$ff.cc:337:slice$591915.Q
Info:    routing  3.66  4.19 Net g_sdram_enabled.sd_ready (96,57) -> (40,65)
Info:                          Sink $auto$abc9_ops.cc:1613:reintegrate$1627135.C
Info:                          Defined in:
Info:                               ../astra_soc.sv:427.24-427.32
Info:      logic  0.24  4.43 Source $auto$abc9_ops.cc:1613:reintegrate$1627135.F
Info:    routing  0.37  4.80 Net $abc$1623241$logic_or$../astra_soc.sv:486$117447_Y (40,65) -> (40,65)
Info:                          Sink g_sdram_enabled.usb_ctrl_reset_i.$auto$ff.cc:337:slice$883876.LSR
Info:                          Defined in:
Info:                               ../astra_soc.sv:2592.17-2592.29
Info:      setup  0.42  5.22 Source g_sdram_enabled.usb_ctrl_reset_i.$auto$ff.cc:337:slice$883876.LSR
Info: 1.18 ns logic, 4.04 ns routing

Info: Critical path report for cross-domain path 'posedge $glbnet$sdram_domain_clk' -> 'posedge $glbnet$sd_clk_in':
Info:       type curr  total name
Info:   clk-to-q  0.52  0.52 Source g_sdram_enabled.host_mem_reset_i.$auto$ff.cc:337:slice$883876.Q
Info:    routing  1.31  1.83 Net g_sdram_enabled.host_mem_rst (7,69) -> (3,72)
Info:                          Sink $auto$abc9_ops.cc:1613:reintegrate$1627499.D
Info:                          Defined in:
Info:                               ../astra_soc.sv:441.18-441.30
Info:      logic  0.24  2.07 Source $auto$abc9_ops.cc:1613:reintegrate$1627499.F
Info:    routing  1.55  3.62 Net g_sdram_enabled.g_astra_host.host_spi_i.spi_selected_reset (3,72) -> (3,84)
Info:                          Sink $auto$ff.cc:337:slice$729022.LSR
Info:                          Defined in:
Info:                               ../astra_host_spi_slave.sv:72.17-72.35
Info:      setup  0.42  4.05 Source $auto$ff.cc:337:slice$729022.LSR
Info: 1.18 ns logic, 2.86 ns routing

Info: Critical path report for cross-domain path 'posedge $glbnet$sdram_domain_clk' -> 'posedge $glbnet$usb_phy_domain_clk':
Info:       type curr  total name
Info:   clk-to-q  0.52  0.52 Source $auto$ff.cc:337:slice$591915.Q
Info:    routing  3.66  4.19 Net g_sdram_enabled.sd_ready (96,57) -> (40,65)
Info:                          Sink $auto$abc9_ops.cc:1613:reintegrate$1627135.C
Info:                          Defined in:
Info:                               ../astra_soc.sv:427.24-427.32
Info:      logic  0.24  4.43 Source $auto$abc9_ops.cc:1613:reintegrate$1627135.F
Info:    routing  1.28  5.71 Net $abc$1623241$logic_or$../astra_soc.sv:486$117447_Y (40,65) -> (42,51)
Info:                          Sink g_sdram_enabled.usb_phy_reset_i.$auto$ff.cc:337:slice$883876.LSR
Info:                          Defined in:
Info:                               ../astra_soc.sv:2592.17-2592.29
Info:      setup  0.42  6.14 Source g_sdram_enabled.usb_phy_reset_i.$auto$ff.cc:337:slice$883876.LSR
Info: 1.18 ns logic, 4.95 ns routing

Info: Critical path report for cross-domain path 'posedge $glbnet$sdram_domain_clk' -> 'posedge $glbnet$video_pixel_clk':
Info:       type curr  total name
Info:   clk-to-q  0.52  0.52 Source $auto$ff.cc:337:slice$589485.Q
Info:    routing  0.95  1.48 Net vega_i.ready_y_mem[3] (9,14) -> (9,13)
Info:                          Sink $auto$ff.cc:337:slice$588656.M
Info:                          Defined in:
Info:                               ../vega_video.sv:278.15-278.26
Info:      setup  0.00  1.48 Source $auto$ff.cc:337:slice$588656.M
Info: 0.52 ns logic, 0.95 ns routing

Info: Critical path report for cross-domain path 'posedge $glbnet$usb_phy_domain_clk' -> '<async>':
Info:       type curr  total name
Info:   clk-to-q  0.52  0.52 Source $auto$ff.cc:337:slice$729194.Q
Info:    routing  5.69  6.21 Net usb_dm_write_enable (40,3) -> (106,2)
Info:                          Sink usb_fpga_bd_dp$tr_io$invert_T.A
Info:                          Defined in:
Info:                               ../astra_soc.sv:320.17-320.36
Info:      logic  0.24  6.45 Source usb_fpga_bd_dp$tr_io$invert_T.F
Info:    routing  0.90  7.35 Net usb_fpga_bd_dp$tr_io$invert_T$conn$Z (106,2) -> (107,0)
Info:                          Sink usb_fpga_bd_dp$tr_io.T
Info: 0.76 ns logic, 6.59 ns routing

Info: Critical path report for cross-domain path 'posedge $glbnet$usb_phy_domain_clk' -> 'posedge $glbnet$clk':
Info:       type curr  total name
Info:   clk-to-q  0.52  0.52 Source g_sdram_enabled.usb_phy_reset_i.$auto$ff.cc:337:slice$883876.Q
Info:    routing  1.34  1.86 Net g_sdram_enabled.usb_phy_rst (42,51) -> (42,64)
Info:                          Sink $abc$1623241$lut$logic_and$../astra_soc.sv:512$117468_Y.genblk1.genblk1.genblk1.genblk1.genblk1.lut0.B
Info:                          Defined in:
Info:                               ../astra_soc.sv:451.18-451.29
Info:      logic  0.40  2.26 Source $abc$1623241$lut$logic_and$../astra_soc.sv:512$117468_Y.genblk1.genblk1.genblk1.genblk1.genblk1.lut0.OFX
Info:    routing  0.63  2.89 Net $abc$1623241$logic_and$../astra_soc.sv:512$117468_Y (42,64) -> (43,64)
Info:                          Sink $auto$ff.cc:337:slice$591918.M
Info:      setup  0.00  2.89 Source $auto$ff.cc:337:slice$591918.M
Info: 0.93 ns logic, 1.96 ns routing

Info: Critical path report for cross-domain path 'posedge $glbnet$usb_phy_domain_clk' -> 'posedge $glbnet$clk25_mhz$TRELLIS_IO_IN':
Info:       type curr  total name
Info:   clk-to-q  0.52  0.52 Source $auto$ff.cc:337:slice$584784.Q
Info:    routing  1.62  2.15 Net g_sdram_enabled.g_usb_host.usb_host_i.ohci_i.back_phy_io_ctrl_ports_0_lowSpeed (13,5) -> (36,5)
Info:                          Sink $auto$ff.cc:337:slice$737487.M
Info:                          Defined in:
Info:                               ../thirdparty/usb_ohci/UsbOhciWishbone_Dw32_Pc1_Pf48000000.v:10315.23-10315.32
Info:      setup  0.00  2.15 Source $auto$ff.cc:337:slice$737487.M
Info: 0.52 ns logic, 1.62 ns routing

Info: Critical path report for cross-domain path 'posedge $glbnet$video_pixel_clk' -> 'posedge $glbnet$clk':
Info:       type curr  total name
Info:   clk-to-q  0.52  0.52 Source $auto$ff.cc:337:slice$592463.Q
Info:    routing  0.98  1.50 Net vega_beam_y[6] (7,18) -> (8,18)
Info:                          Sink $auto$alumacc.cc:512:replace_alu$514551.slice[0].ccu2c_i$CCU2_COMB1.A
Info:                          Defined in:
Info:                               ../astra_soc.sv:1948.16-1948.24
Info:      logic  0.45  1.95 Source $auto$alumacc.cc:512:replace_alu$514551.slice[0].ccu2c_i$CCU2_COMB1.FCO
Info:    routing  0.00  1.95 Net $techmap1633231$auto$alumacc.cc:512:replace_alu$514551.slice[0].ccu2c_i.COUT (8,18) -> (8,18)
Info:                          Sink $auto$alumacc.cc:512:replace_alu$514551.slice[2].ccu2c_i$CCU2_COMB0.FCI
Info:                          Defined in:
Info:                               ../astraea_copper.sv:186.45-186.68
Info:                               /home/barry/oss-cad-suite-install/oss-cad-suite/lib/../share/yosys/lattice/arith_map_ccu2c.v:74.7-80.4
Info:                               /home/barry/oss-cad-suite-install/oss-cad-suite/lib/../share/yosys/lattice/ccu2c_sim.vh:9.9-9.13
Info:      logic  0.07  2.02 Source $auto$alumacc.cc:512:replace_alu$514551.slice[2].ccu2c_i$CCU2_COMB0.FCO
Info:    routing  0.00  2.02 Net $auto$alumacc.cc:512:replace_alu$514551.slice[2].ccu2c_i$CCU2_FCI_INT (8,18) -> (8,18)
Info:                          Sink $auto$alumacc.cc:512:replace_alu$514551.slice[2].ccu2c_i$CCU2_COMB1.FCI
Info:      logic  0.07  2.09 Source $auto$alumacc.cc:512:replace_alu$514551.slice[2].ccu2c_i$CCU2_COMB1.FCO
Info:    routing  0.00  2.09 Net $nextpnr_CCU2C_718$CIN (8,18) -> (8,18)
Info:                          Sink $nextpnr_CCU2C_718$CCU2_COMB0.FCI
Info:      logic  0.44  2.53 Source $nextpnr_CCU2C_718$CCU2_COMB0.F
Info:    routing  0.75  3.28 Net $techmap1633232$auto$alumacc.cc:512:replace_alu$514551.slice[2].ccu2c_i.COUT (8,18) -> (7,19)
Info:                          Sink $auto$abc9_ops.cc:1613:reintegrate$1623836.D
Info:                          Defined in:
Info:                               /home/barry/oss-cad-suite-install/oss-cad-suite/lib/../share/yosys/lattice/cells_map_trellis.v:108.23-108.24
Info:      logic  0.24  3.52 Source $auto$abc9_ops.cc:1613:reintegrate$1623836.F
Info:    routing  0.67  4.18 Net vega_i.vblank_level_pixel (7,19) -> (6,19)
Info:                          Sink $auto$ff.cc:337:slice$587177.M
Info:                          Defined in:
Info:                               ../vega_video.sv:291.10-291.28
Info:      setup  0.00  4.18 Source $auto$ff.cc:337:slice$587177.M
Info: 1.79 ns logic, 2.39 ns routing

Info: Critical path report for cross-domain path 'posedge $glbnet$video_pixel_clk' -> 'posedge $glbnet$sdram_domain_clk':
Info:       type curr  total name
Info:   clk-to-q  0.52  0.52 Source $auto$ff.cc:337:slice$588668.Q
Info:    routing  0.72  1.24 Net vega_i.request_toggle_pixel (4,13) -> (4,12)
Info:                          Sink $auto$ff.cc:337:slice$589131.M
Info:                          Defined in:
Info:                               ../vega_video.sv:1004.15-1004.35
Info:      setup  0.00  1.24 Source $auto$ff.cc:337:slice$589131.M
Info: 0.52 ns logic, 0.72 ns routing

Info: Critical path report for cross-domain path 'posedge $glbnet$video_pixel_clk' -> 'posedge $glbnet$video_shift_clk':
Info:       type curr  total name
Info:   clk-to-q  0.52  0.52 Source $auto$ff.cc:337:slice$592083.Q
Info:    routing  2.22  2.74 Net g_hdmi.video_reset_pipe[3] (15,8) -> (47,2)
Info:                          Sink $abc$1623241$lut$not$aiger1623240$7363.D
Info:                          Defined in:
Info:                               ../astra_soc.sv:1954.23-1954.39
Info:      logic  0.24  2.98 Source $abc$1623241$lut$not$aiger1623240$7363.F
Info:    routing  3.92  6.91 Net video_reset (47,2) -> (116,0)
Info:                          Sink gpdi_dp[3]$tr_io$IOL.LSR
Info:                          Defined in:
Info:                               ../astra_soc.sv:232.17-232.28
Info:      setup  0.10  7.01 Source gpdi_dp[3]$tr_io$IOL.LSR
Info: 0.86 ns logic, 6.14 ns routing

Info: Max frequency for clock         '$glbnet$video_shift_clk': 289.77 MHz (PASS at 135.03 MHz)
Info: Max frequency for clock               '$glbnet$sd_clk_in': 100.02 MHz (PASS at 20.00 MHz)
Info: Max frequency for clock '$glbnet$clk25_mhz$TRELLIS_IO_IN': 38.43 MHz (PASS at 25.00 MHz)
Info: Max frequency for clock         '$glbnet$video_pixel_clk': 53.27 MHz (PASS at 27.00 MHz)
Info: Max frequency for clock      '$glbnet$usb_phy_domain_clk': 79.69 MHz (PASS at 48.00 MHz)
Info: Max frequency for clock                     '$glbnet$clk': 15.06 MHz (PASS at 12.50 MHz)
Info: Max frequency for clock        '$glbnet$sdram_domain_clk': 66.91 MHz (PASS at 60.00 MHz)

Info: Max delay <async>                                 -> <async>                                : 0.93 ns
Info: Max delay <async>                                 -> posedge $glbnet$clk                    : 7.90 ns
Info: Max delay <async>                                 -> posedge $glbnet$clk25_mhz$TRELLIS_IO_IN: 7.75 ns
Info: Max delay <async>                                 -> posedge $glbnet$sd_clk_in              : 10.91 ns
Info: Max delay <async>                                 -> posedge $glbnet$sdram_domain_clk       : 9.54 ns
Info: Max delay <async>                                 -> posedge $glbnet$usb_phy_domain_clk     : 8.66 ns
Info: Max delay <async>                                 -> posedge $glbnet$video_pixel_clk        : 3.24 ns
Info: Max delay posedge $glbnet$clk                     -> <async>                                : 40.04 ns
Info: Max delay posedge $glbnet$clk                     -> posedge $glbnet$clk25_mhz$TRELLIS_IO_IN: 1.83 ns
Info: Max delay posedge $glbnet$clk                     -> posedge $glbnet$sdram_domain_clk       : 11.10 ns
Info: Max delay posedge $glbnet$clk                     -> posedge $glbnet$video_pixel_clk        : 1.48 ns
Info: Max delay posedge $glbnet$clk25_mhz$TRELLIS_IO_IN -> posedge $glbnet$clk                    : 3.47 ns
Info: Max delay posedge $glbnet$clk25_mhz$TRELLIS_IO_IN -> posedge $glbnet$sdram_domain_clk       : 3.12 ns
Info: Max delay posedge $glbnet$clk25_mhz$TRELLIS_IO_IN -> posedge $glbnet$usb_phy_domain_clk     : 3.10 ns
Info: Max delay posedge $glbnet$sd_clk_in               -> posedge $glbnet$sdram_domain_clk       : 1.29 ns
Info: Max delay posedge $glbnet$sdram_domain_clk        -> <async>                                : 7.97 ns
Info: Max delay posedge $glbnet$sdram_domain_clk        -> posedge $glbnet$clk                    : 5.32 ns
Info: Max delay posedge $glbnet$sdram_domain_clk        -> posedge $glbnet$clk25_mhz$TRELLIS_IO_IN: 5.22 ns
Info: Max delay posedge $glbnet$sdram_domain_clk        -> posedge $glbnet$sd_clk_in              : 4.05 ns
Info: Max delay posedge $glbnet$sdram_domain_clk        -> posedge $glbnet$usb_phy_domain_clk     : 6.14 ns
Info: Max delay posedge $glbnet$sdram_domain_clk        -> posedge $glbnet$video_pixel_clk        : 1.48 ns
Info: Max delay posedge $glbnet$usb_phy_domain_clk      -> <async>                                : 7.35 ns
Info: Max delay posedge $glbnet$usb_phy_domain_clk      -> posedge $glbnet$clk                    : 2.89 ns
Info: Max delay posedge $glbnet$usb_phy_domain_clk      -> posedge $glbnet$clk25_mhz$TRELLIS_IO_IN: 2.15 ns
Info: Max delay posedge $glbnet$video_pixel_clk         -> posedge $glbnet$clk                    : 4.18 ns
Info: Max delay posedge $glbnet$video_pixel_clk         -> posedge $glbnet$sdram_domain_clk       : 1.24 ns
Info: Max delay posedge $glbnet$video_pixel_clk         -> posedge $glbnet$video_shift_clk        : 7.01 ns

Info: Slack histogram:
Info:  legend: * represents 203 endpoint(s)
Info:          + represents [1,203) endpoint(s)
Info: [  1720,   5587) |********+
Info: [  5587,   9454) |****************************************+
Info: [  9454,  13321) |************************************************************ 
Info: [ 13321,  17188) |****************************************************+
Info: [ 17188,  21055) |**+
Info: [ 21055,  24922) |**+
Info: [ 24922,  28789) |******+
Info: [ 28789,  32656) |*******+
Info: [ 32656,  36523) |*************+
Info: [ 36523,  40390) |*********************************+
Info: [ 40390,  44257) |**********************+
Info: [ 44257,  48124) |****+
Info: [ 48124,  51991) |**+
Info: [ 51991,  55858) |*******+
Info: [ 55858,  59725) |*+
Info: [ 59725,  63592) |**+
Info: [ 63592,  67459) |******+
Info: [ 67459,  71326) |********+
Info: [ 71326,  75193) |*************************+
Info: [ 75193,  79060) |*********************************************+

Info: Program finished normally.
